Epoch,Text_id_setup_0503,Text_id_setup_0502
1617210001,N.A,N.A
1617210031,N.A,N.A
1617210061,N.A,N.A
1617210091,N.A,N.A
1617210121,N.A,N.A
1617210151,N.A,N.A
1617210181,N.A,N.A
1617210211,N.A,N.A
1617210241,N.A,N.A
1617210271,N.A,N.A
1617210301,N.A,N.A
1617210331,N.A,N.A
1617210361,N.A,N.A
1617210391,N.A,N.A
1617210421,N.A,N.A
1617210451,N.A,N.A
1617210481,N.A,N.A
1617210511,N.A,N.A
1617210541,N.A,N.A
1617210571,N.A,N.A
1617210601,N.A,N.A
1617210631,N.A,N.A
1617210661,N.A,N.A
1617210691,N.A,N.A
1617210721,N.A,N.A
1617210751,N.A,N.A
1617210781,N.A,N.A
1617210811,N.A,N.A
1617210841,N.A,N.A
1617210871,N.A,N.A
1617210901,N.A,N.A
1617210931,N.A,N.A
1617210961,N.A,N.A
1617210991,N.A,N.A
1617211021,N.A,N.A
1617211051,N.A,N.A
1617211081,N.A,N.A
1617211111,N.A,N.A
1617211141,N.A,N.A
1617211171,N.A,N.A
1617211201,N.A,N.A
1617211231,N.A,N.A
1617211261,N.A,N.A
1617211291,N.A,N.A
1617211321,N.A,N.A
1617211351,N.A,N.A
1617211381,N.A,N.A
1617211411,N.A,N.A
1617211441,N.A,N.A
1617211471,N.A,N.A
1617211501,N.A,N.A
1617211531,N.A,N.A
1617211561,N.A,N.A
1617211591,N.A,N.A
1617211621,N.A,N.A
1617211651,N.A,N.A
1617211681,N.A,N.A
1617211711,N.A,N.A
1617211741,N.A,N.A
1617211771,N.A,N.A
1617211801,N.A,N.A
1617211831,N.A,N.A
1617211861,N.A,N.A
1617211891,N.A,N.A
1617211921,N.A,N.A
1617211951,N.A,N.A
1617211981,N.A,N.A
1617212011,N.A,N.A
1617212041,N.A,N.A
1617212071,N.A,N.A
1617212101,N.A,N.A
1617212131,N.A,N.A
1617212161,N.A,N.A
1617212191,N.A,N.A
1617212221,N.A,N.A
1617212251,N.A,N.A
1617212281,N.A,N.A
1617212311,N.A,N.A
1617212341,N.A,N.A
1617212371,N.A,N.A
1617212401,N.A,N.A
1617212431,N.A,N.A
1617212461,N.A,N.A
1617212491,N.A,N.A
1617212521,N.A,N.A
1617212551,N.A,N.A
1617212581,N.A,N.A
1617212611,N.A,N.A
1617212641,N.A,N.A
1617212671,N.A,N.A
1617212701,N.A,N.A
1617212731,N.A,N.A
1617212761,N.A,N.A
1617212791,N.A,N.A
1617212821,N.A,N.A
1617212851,N.A,N.A
1617212881,N.A,N.A
1617212911,N.A,N.A
1617212941,N.A,N.A
1617212971,N.A,N.A
1617213001,N.A,N.A
1617213031,N.A,N.A
1617213061,N.A,N.A
1617213091,N.A,N.A
1617213121,N.A,N.A
1617213151,N.A,N.A
1617213181,N.A,N.A
1617213211,N.A,N.A
1617213241,N.A,N.A
1617213271,N.A,N.A
1617213301,N.A,N.A
1617213331,N.A,N.A
1617213361,N.A,N.A
1617213391,N.A,N.A
1617213421,N.A,N.A
1617213451,N.A,N.A
1617213481,N.A,N.A
1617213511,N.A,N.A
1617213541,N.A,N.A
1617213571,N.A,N.A
1617213601,N.A,N.A
1617213631,N.A,N.A
1617213661,N.A,N.A
1617213691,N.A,N.A
1617213721,N.A,N.A
1617213751,N.A,N.A
1617213781,N.A,N.A
1617213811,N.A,N.A
1617213841,N.A,N.A
1617213871,N.A,N.A
1617213901,N.A,N.A
1617213931,N.A,N.A
1617213961,N.A,N.A
1617213991,N.A,N.A
1617214021,N.A,N.A
1617214051,N.A,N.A
1617214081,N.A,N.A
1617214111,N.A,N.A
1617214141,N.A,N.A
1617214171,N.A,N.A
1617214201,N.A,N.A
1617214231,N.A,N.A
1617214261,N.A,N.A
1617214291,N.A,N.A
1617214321,N.A,N.A
1617214351,N.A,N.A
1617214381,N.A,N.A
1617214411,N.A,N.A
1617214441,N.A,N.A
1617214471,N.A,N.A
1617214501,N.A,N.A
1617214531,N.A,N.A
1617214561,N.A,N.A
1617214591,N.A,N.A
1617214621,N.A,N.A
1617214651,N.A,N.A
1617214681,N.A,N.A
1617214711,N.A,N.A
1617214741,N.A,N.A
1617214771,N.A,N.A
1617214801,N.A,N.A
1617214831,N.A,N.A
1617214861,N.A,N.A
1617214891,N.A,N.A
1617214921,N.A,N.A
1617214951,N.A,N.A
1617214981,N.A,N.A
1617215011,N.A,N.A
1617215041,N.A,N.A
1617215071,N.A,N.A
1617215101,N.A,N.A
1617215131,N.A,N.A
1617215161,N.A,N.A
1617215191,N.A,N.A
1617215221,N.A,N.A
1617215251,N.A,N.A
1617215281,N.A,N.A
1617215311,N.A,N.A
1617215341,N.A,N.A
1617215371,N.A,N.A
1617215401,N.A,N.A
1617215431,N.A,N.A
1617215461,N.A,N.A
1617215491,N.A,N.A
1617215521,N.A,N.A
1617215551,N.A,N.A
1617215581,N.A,N.A
1617215611,N.A,N.A
1617215641,N.A,N.A
1617215671,N.A,N.A
1617215701,N.A,N.A
1617215731,N.A,N.A
1617215761,N.A,N.A
1617215791,N.A,N.A
1617215821,N.A,N.A
1617215851,N.A,N.A
1617215881,N.A,N.A
1617215911,N.A,N.A
1617215941,N.A,N.A
1617215971,N.A,N.A
1617216001,N.A,N.A
1617216031,N.A,N.A
1617216061,N.A,N.A
1617216091,N.A,N.A
1617216121,N.A,N.A
1617216151,N.A,N.A
1617216181,N.A,N.A
1617216211,N.A,N.A
1617216241,N.A,N.A
1617216271,N.A,N.A
1617216301,N.A,N.A
1617216331,N.A,N.A
1617216361,N.A,N.A
1617216391,N.A,N.A
1617216421,N.A,N.A
1617216451,N.A,N.A
1617216481,N.A,N.A
1617216511,N.A,N.A
1617216541,N.A,N.A
1617216571,N.A,N.A
1617216601,N.A,N.A
1617216631,N.A,N.A
1617216661,N.A,N.A
1617216691,N.A,N.A
1617216721,N.A,N.A
1617216751,N.A,N.A
1617216781,N.A,N.A
1617216811,N.A,N.A
1617216841,N.A,N.A
1617216871,N.A,N.A
1617216901,N.A,N.A
1617216931,N.A,N.A
1617216961,N.A,N.A
1617216991,N.A,N.A
1617217021,N.A,N.A
1617217051,N.A,N.A
1617217081,N.A,N.A
1617217111,N.A,N.A
1617217141,N.A,N.A
1617217171,N.A,N.A
1617217201,N.A,N.A
1617217231,N.A,N.A
1617217261,N.A,N.A
1617217291,N.A,N.A
1617217321,N.A,N.A
1617217351,N.A,N.A
1617217381,N.A,N.A
1617217411,N.A,N.A
1617217441,N.A,N.A
1617217471,N.A,N.A
1617217501,N.A,N.A
1617217531,N.A,N.A
1617217561,N.A,N.A
1617217591,N.A,N.A
1617217621,N.A,N.A
1617217651,N.A,N.A
1617217681,N.A,N.A
1617217711,N.A,N.A
1617217741,N.A,N.A
1617217771,N.A,N.A
1617217801,N.A,N.A
1617217831,N.A,N.A
1617217861,N.A,N.A
1617217891,N.A,N.A
1617217921,N.A,N.A
1617217951,N.A,N.A
1617217981,N.A,N.A
1617218011,N.A,N.A
1617218041,N.A,N.A
1617218071,N.A,N.A
1617218101,N.A,N.A
1617218131,N.A,N.A
1617218161,N.A,N.A
1617218191,N.A,N.A
1617218221,N.A,N.A
1617218251,N.A,N.A
1617218281,N.A,N.A
1617218311,N.A,N.A
1617218341,N.A,N.A
1617218371,N.A,N.A
1617218401,N.A,N.A
1617218431,N.A,N.A
1617218461,N.A,N.A
1617218491,N.A,N.A
1617218521,N.A,N.A
1617218551,N.A,N.A
1617218581,N.A,N.A
1617218611,N.A,N.A
1617218641,N.A,N.A
1617218671,N.A,N.A
1617218701,N.A,N.A
1617218731,N.A,N.A
1617218761,N.A,N.A
1617218791,N.A,N.A
1617218821,N.A,N.A
1617218851,N.A,N.A
1617218881,N.A,N.A
1617218911,N.A,N.A
1617218941,N.A,N.A
1617218971,N.A,N.A
1617219001,N.A,N.A
1617219031,N.A,N.A
1617219061,N.A,N.A
1617219091,N.A,N.A
1617219121,N.A,N.A
1617219151,N.A,N.A
1617219181,N.A,N.A
1617219211,N.A,N.A
1617219241,N.A,N.A
1617219271,N.A,N.A
1617219301,N.A,N.A
1617219331,N.A,N.A
1617219361,N.A,N.A
1617219391,N.A,N.A
1617219421,N.A,N.A
1617219451,N.A,N.A
1617219481,N.A,N.A
1617219511,N.A,N.A
1617219541,N.A,N.A
1617219571,N.A,N.A
1617219601,N.A,N.A
1617219631,N.A,N.A
1617219661,N.A,N.A
1617219691,N.A,N.A
1617219721,N.A,N.A
1617219751,N.A,N.A
1617219781,N.A,N.A
1617219811,N.A,N.A
1617219841,N.A,N.A
1617219871,N.A,N.A
1617219901,N.A,N.A
1617219931,N.A,N.A
1617219961,N.A,N.A
1617219991,N.A,N.A
1617220021,N.A,N.A
1617220051,N.A,N.A
1617220081,N.A,N.A
1617220111,N.A,N.A
1617220141,N.A,N.A
1617220171,N.A,N.A
1617220201,N.A,N.A
1617220231,N.A,N.A
1617220261,N.A,N.A
1617220291,N.A,N.A
1617220321,N.A,N.A
1617220351,N.A,N.A
1617220381,N.A,N.A
1617220411,N.A,N.A
1617220441,N.A,N.A
1617220471,N.A,N.A
1617220501,N.A,N.A
1617220531,N.A,N.A
1617220561,N.A,N.A
1617220591,N.A,N.A
1617220621,N.A,N.A
1617220651,N.A,N.A
1617220681,N.A,N.A
1617220711,N.A,N.A
1617220741,N.A,N.A
1617220771,N.A,N.A
1617220801,N.A,N.A
1617220831,N.A,N.A
1617220861,N.A,N.A
1617220891,N.A,N.A
1617220921,N.A,N.A
1617220951,N.A,N.A
1617220981,N.A,N.A
1617221011,N.A,N.A
1617221041,N.A,N.A
1617221071,N.A,N.A
1617221101,N.A,N.A
1617221131,N.A,N.A
1617221161,N.A,N.A
1617221191,N.A,N.A
1617221221,N.A,N.A
1617221251,N.A,N.A
1617221281,N.A,N.A
1617221311,N.A,N.A
1617221341,N.A,N.A
1617221371,N.A,N.A
1617221401,N.A,N.A
1617221431,N.A,N.A
1617221461,N.A,N.A
1617221491,N.A,N.A
1617221521,N.A,N.A
1617221551,N.A,N.A
1617221581,N.A,N.A
1617221611,N.A,N.A
1617221641,N.A,N.A
1617221671,N.A,N.A
1617221701,N.A,N.A
1617221731,N.A,N.A
1617221761,N.A,N.A
1617221791,N.A,N.A
1617221821,N.A,N.A
1617221851,N.A,N.A
1617221881,N.A,N.A
1617221911,N.A,N.A
1617221941,N.A,N.A
1617221971,N.A,N.A
1617222001,N.A,N.A
1617222031,N.A,N.A
1617222061,N.A,N.A
1617222091,N.A,N.A
1617222121,N.A,N.A
1617222151,N.A,N.A
1617222181,N.A,N.A
1617222211,N.A,N.A
1617222241,N.A,N.A
1617222271,N.A,N.A
1617222301,N.A,N.A
1617222331,N.A,N.A
1617222361,N.A,N.A
1617222391,N.A,N.A
1617222421,N.A,N.A
1617222451,N.A,N.A
1617222481,N.A,N.A
1617222511,N.A,N.A
1617222541,N.A,N.A
1617222571,N.A,N.A
1617222601,N.A,N.A
1617222631,N.A,N.A
1617222661,N.A,N.A
1617222691,N.A,N.A
1617222721,N.A,N.A
1617222751,N.A,N.A
1617222781,N.A,N.A
1617222811,N.A,N.A
1617222841,N.A,N.A
1617222871,N.A,N.A
1617222901,N.A,N.A
1617222931,N.A,N.A
1617222961,N.A,N.A
1617222991,N.A,N.A
1617223021,N.A,N.A
1617223051,N.A,N.A
1617223081,N.A,N.A
1617223111,N.A,N.A
1617223141,N.A,N.A
1617223171,N.A,N.A
1617223201,N.A,N.A
1617223231,N.A,N.A
1617223261,N.A,N.A
1617223291,N.A,N.A
1617223321,N.A,N.A
1617223351,N.A,N.A
1617223381,N.A,N.A
1617223411,N.A,N.A
1617223441,N.A,N.A
1617223471,N.A,N.A
1617223501,N.A,N.A
1617223531,N.A,N.A
1617223561,N.A,N.A
1617223591,N.A,N.A
1617223621,N.A,N.A
1617223651,N.A,N.A
1617223681,N.A,N.A
1617223711,N.A,N.A
1617223741,N.A,N.A
1617223771,N.A,N.A
1617223801,N.A,N.A
1617223831,N.A,N.A
1617223861,N.A,N.A
1617223891,N.A,N.A
1617223921,N.A,N.A
1617223951,N.A,N.A
1617223981,N.A,N.A
1617224011,N.A,N.A
1617224041,N.A,N.A
1617224071,N.A,N.A
1617224101,N.A,N.A
1617224131,N.A,N.A
1617224161,N.A,N.A
1617224191,N.A,N.A
1617224221,N.A,N.A
1617224251,N.A,N.A
1617224281,N.A,N.A
1617224311,N.A,N.A
1617224341,N.A,N.A
1617224371,N.A,N.A
1617224401,N.A,N.A
1617224431,N.A,N.A
1617224461,N.A,N.A
1617224491,N.A,N.A
1617224521,N.A,N.A
1617224551,N.A,N.A
1617224581,N.A,N.A
1617224611,N.A,N.A
1617224641,N.A,N.A
1617224671,N.A,N.A
1617224701,N.A,N.A
1617224731,N.A,N.A
1617224761,N.A,N.A
1617224791,N.A,N.A
1617224821,N.A,N.A
1617224851,N.A,N.A
1617224881,N.A,N.A
1617224911,N.A,N.A
1617224941,N.A,N.A
1617224971,N.A,N.A
1617225001,N.A,N.A
1617225031,N.A,N.A
1617225061,N.A,N.A
1617225091,N.A,N.A
1617225121,N.A,N.A
1617225151,N.A,N.A
1617225181,N.A,N.A
1617225211,N.A,N.A
1617225241,N.A,N.A
1617225271,N.A,N.A
1617225301,N.A,N.A
1617225331,N.A,N.A
1617225361,N.A,N.A
1617225391,N.A,N.A
1617225421,N.A,N.A
1617225451,N.A,N.A
1617225481,N.A,N.A
1617225511,N.A,N.A
1617225541,N.A,N.A
1617225571,N.A,N.A
1617225601,N.A,N.A
1617225631,N.A,N.A
1617225661,N.A,N.A
1617225691,N.A,N.A
1617225721,N.A,N.A
1617225751,N.A,N.A
1617225781,N.A,N.A
1617225811,N.A,N.A
1617225841,N.A,N.A
1617225871,N.A,N.A
1617225901,N.A,N.A
1617225931,N.A,N.A
1617225961,N.A,N.A
1617225991,N.A,N.A
1617226021,N.A,N.A
1617226051,N.A,N.A
1617226081,N.A,N.A
1617226111,N.A,N.A
1617226141,N.A,N.A
1617226171,N.A,N.A
1617226201,N.A,N.A
1617226231,N.A,N.A
1617226261,N.A,N.A
1617226291,N.A,N.A
1617226321,N.A,N.A
1617226351,N.A,N.A
1617226381,N.A,N.A
1617226411,N.A,N.A
1617226441,N.A,N.A
1617226471,N.A,N.A
1617226501,N.A,N.A
1617226531,N.A,N.A
1617226561,N.A,N.A
1617226591,N.A,N.A
1617226621,N.A,N.A
1617226651,N.A,N.A
1617226681,N.A,N.A
1617226711,N.A,N.A
1617226741,N.A,N.A
1617226771,N.A,N.A
1617226801,N.A,N.A
1617226831,N.A,N.A
1617226861,N.A,N.A
1617226891,N.A,N.A
1617226921,N.A,N.A
1617226951,N.A,N.A
1617226981,N.A,N.A
1617227011,N.A,N.A
1617227041,N.A,N.A
1617227071,N.A,N.A
1617227101,N.A,N.A
1617227131,N.A,N.A
1617227161,N.A,N.A
1617227191,N.A,N.A
1617227221,N.A,N.A
1617227251,N.A,N.A
1617227281,N.A,N.A
1617227311,N.A,N.A
1617227341,N.A,N.A
1617227371,N.A,N.A
1617227401,N.A,N.A
1617227431,N.A,N.A
1617227461,N.A,N.A
1617227491,N.A,N.A
1617227521,N.A,N.A
1617227551,N.A,N.A
1617227581,N.A,N.A
1617227611,N.A,N.A
1617227641,N.A,N.A
1617227671,N.A,N.A
1617227701,N.A,N.A
1617227731,N.A,N.A
1617227761,N.A,N.A
1617227791,N.A,N.A
1617227821,N.A,N.A
1617227851,N.A,N.A
1617227881,N.A,N.A
1617227911,N.A,N.A
1617227941,N.A,N.A
1617227971,N.A,N.A
1617228001,N.A,N.A
1617228031,N.A,N.A
1617228061,N.A,N.A
1617228091,N.A,N.A
1617228121,N.A,N.A
1617228151,N.A,N.A
1617228181,N.A,N.A
1617228211,N.A,N.A
1617228241,N.A,N.A
1617228271,N.A,N.A
1617228301,N.A,N.A
1617228331,N.A,N.A
1617228361,N.A,N.A
1617228391,N.A,N.A
1617228421,N.A,N.A
1617228451,N.A,N.A
1617228481,N.A,N.A
1617228511,N.A,N.A
1617228541,N.A,N.A
1617228571,N.A,N.A
1617228601,N.A,N.A
1617228631,N.A,N.A
1617228661,N.A,N.A
1617228691,N.A,N.A
1617228721,N.A,N.A
1617228751,N.A,N.A
1617228781,N.A,N.A
1617228811,N.A,N.A
1617228841,N.A,N.A
1617228871,N.A,N.A
1617228901,N.A,N.A
1617228931,N.A,N.A
1617228961,N.A,N.A
1617228991,N.A,N.A
1617229021,N.A,N.A
1617229051,N.A,N.A
1617229081,N.A,N.A
1617229111,N.A,N.A
1617229141,N.A,N.A
1617229171,N.A,N.A
1617229201,N.A,N.A
1617229231,N.A,N.A
1617229261,N.A,N.A
1617229291,N.A,N.A
1617229321,N.A,N.A
1617229351,N.A,N.A
1617229381,N.A,N.A
1617229411,N.A,N.A
1617229441,N.A,N.A
1617229471,N.A,N.A
1617229501,N.A,N.A
1617229531,N.A,N.A
1617229561,N.A,N.A
1617229591,N.A,N.A
1617229621,N.A,N.A
1617229651,N.A,N.A
1617229681,N.A,N.A
1617229711,N.A,N.A
1617229741,N.A,N.A
1617229771,N.A,N.A
1617229801,N.A,N.A
1617229831,N.A,N.A
1617229861,N.A,N.A
1617229891,N.A,N.A
1617229921,N.A,N.A
1617229951,N.A,N.A
1617229981,N.A,N.A
1617230011,N.A,N.A
1617230041,N.A,N.A
1617230071,N.A,N.A
1617230101,N.A,N.A
1617230131,N.A,N.A
1617230161,N.A,N.A
1617230191,N.A,N.A
1617230221,N.A,N.A
1617230251,N.A,N.A
1617230281,N.A,N.A
1617230311,N.A,N.A
1617230341,N.A,N.A
1617230371,N.A,N.A
1617230401,N.A,N.A
1617230431,N.A,N.A
1617230461,N.A,N.A
1617230491,N.A,N.A
1617230521,N.A,N.A
1617230551,N.A,N.A
1617230581,N.A,N.A
1617230611,N.A,N.A
1617230641,N.A,N.A
1617230671,N.A,N.A
1617230701,N.A,N.A
1617230731,N.A,N.A
1617230761,N.A,N.A
1617230791,N.A,N.A
1617230821,N.A,N.A
1617230851,N.A,N.A
1617230881,N.A,N.A
1617230911,N.A,N.A
1617230941,N.A,N.A
1617230971,N.A,N.A
1617231001,N.A,N.A
1617231031,N.A,N.A
1617231061,N.A,N.A
1617231091,N.A,N.A
1617231121,N.A,N.A
1617231151,N.A,N.A
1617231181,N.A,N.A
1617231211,N.A,N.A
1617231241,N.A,N.A
1617231271,N.A,N.A
1617231301,N.A,N.A
1617231331,N.A,N.A
1617231361,N.A,N.A
1617231391,N.A,N.A
1617231421,N.A,N.A
1617231451,N.A,N.A
1617231481,N.A,N.A
1617231511,N.A,N.A
1617231541,N.A,N.A
1617231571,N.A,N.A
1617231601,N.A,N.A
1617231631,N.A,N.A
1617231661,N.A,N.A
1617231691,N.A,N.A
1617231721,N.A,N.A
1617231751,N.A,N.A
1617231781,N.A,N.A
1617231811,N.A,N.A
1617231841,N.A,N.A
1617231871,N.A,N.A
1617231901,N.A,N.A
1617231931,N.A,N.A
1617231961,N.A,N.A
1617231991,N.A,N.A
1617232021,N.A,N.A
1617232051,N.A,N.A
1617232081,N.A,N.A
1617232111,N.A,N.A
1617232141,N.A,N.A
1617232171,N.A,N.A
1617232201,N.A,N.A
1617232231,N.A,N.A
1617232261,N.A,N.A
1617232291,N.A,N.A
1617232321,N.A,N.A
1617232351,N.A,N.A
1617232381,N.A,N.A
1617232411,N.A,N.A
1617232441,N.A,N.A
1617232471,N.A,N.A
1617232501,N.A,N.A
1617232531,N.A,N.A
1617232561,N.A,N.A
1617232591,N.A,N.A
1617232621,N.A,N.A
1617232651,N.A,N.A
1617232681,N.A,N.A
1617232711,N.A,N.A
1617232741,N.A,N.A
1617232771,N.A,N.A
1617232801,N.A,N.A
1617232831,N.A,N.A
1617232861,N.A,N.A
1617232891,N.A,N.A
1617232921,N.A,N.A
1617232951,N.A,N.A
1617232981,N.A,N.A
1617233011,N.A,N.A
1617233041,N.A,N.A
1617233071,N.A,N.A
1617233101,N.A,N.A
1617233131,N.A,N.A
1617233161,N.A,N.A
1617233191,N.A,N.A
1617233221,N.A,N.A
1617233251,N.A,N.A
1617233281,N.A,N.A
1617233311,N.A,N.A
1617233341,N.A,N.A
1617233371,N.A,N.A
1617233401,N.A,N.A
1617233431,N.A,N.A
1617233461,N.A,N.A
1617233491,N.A,N.A
1617233521,N.A,N.A
1617233551,N.A,N.A
1617233581,N.A,N.A
1617233611,N.A,N.A
1617233641,N.A,N.A
1617233671,N.A,N.A
1617233701,N.A,N.A
1617233731,N.A,N.A
1617233761,N.A,N.A
1617233791,N.A,N.A
1617233821,N.A,N.A
1617233851,N.A,N.A
1617233881,N.A,N.A
1617233911,N.A,N.A
1617233941,N.A,N.A
1617233971,N.A,N.A
1617234001,N.A,N.A
1617234031,N.A,N.A
1617234061,N.A,N.A
1617234091,N.A,N.A
1617234121,N.A,N.A
1617234151,N.A,N.A
1617234181,N.A,N.A
1617234211,N.A,N.A
1617234241,N.A,N.A
1617234271,N.A,N.A
1617234301,N.A,N.A
1617234331,N.A,N.A
1617234361,N.A,N.A
1617234391,N.A,N.A
1617234421,N.A,N.A
1617234451,N.A,N.A
1617234481,N.A,N.A
1617234511,N.A,N.A
1617234541,N.A,N.A
1617234571,N.A,N.A
1617234601,N.A,N.A
1617234631,N.A,N.A
1617234661,N.A,N.A
1617234691,N.A,N.A
1617234721,N.A,N.A
1617234751,N.A,N.A
1617234781,N.A,N.A
1617234811,N.A,N.A
1617234841,N.A,N.A
1617234871,N.A,N.A
1617234901,N.A,N.A
1617234931,N.A,N.A
1617234961,N.A,N.A
1617234991,N.A,N.A
1617235021,N.A,N.A
1617235051,N.A,N.A
1617235081,N.A,N.A
1617235111,N.A,N.A
1617235141,N.A,N.A
1617235171,N.A,N.A
1617235201,N.A,N.A
1617235231,N.A,N.A
1617235261,N.A,N.A
1617235291,N.A,N.A
1617235321,N.A,N.A
1617235351,N.A,N.A
1617235381,N.A,N.A
1617235411,N.A,N.A
1617235441,N.A,N.A
1617235471,N.A,N.A
1617235501,N.A,N.A
1617235531,N.A,N.A
1617235561,N.A,N.A
1617235591,N.A,N.A
1617235621,N.A,N.A
1617235651,N.A,N.A
1617235681,N.A,N.A
1617235711,N.A,N.A
1617235741,N.A,N.A
1617235771,N.A,N.A
1617235801,N.A,N.A
1617235831,N.A,N.A
1617235861,N.A,N.A
1617235891,N.A,N.A
1617235921,N.A,N.A
1617235951,N.A,N.A
1617235981,N.A,N.A
1617236011,N.A,N.A
1617236041,N.A,N.A
1617236071,N.A,N.A
1617236101,N.A,N.A
1617236131,N.A,N.A
1617236161,N.A,N.A
1617236191,N.A,N.A
1617236221,N.A,N.A
1617236251,N.A,N.A
1617236281,N.A,N.A
1617236311,N.A,N.A
1617236341,N.A,N.A
1617236371,N.A,N.A
1617236401,N.A,N.A
1617236431,N.A,N.A
1617236461,N.A,N.A
1617236491,N.A,N.A
1617236521,N.A,N.A
1617236551,N.A,N.A
1617236581,N.A,N.A
1617236611,N.A,N.A
1617236641,N.A,N.A
1617236671,N.A,N.A
1617236701,N.A,N.A
1617236731,N.A,N.A
1617236761,N.A,N.A
1617236791,N.A,N.A
1617236821,N.A,N.A
1617236851,N.A,N.A
1617236881,N.A,N.A
1617236911,N.A,N.A
1617236941,N.A,N.A
1617236971,N.A,N.A
1617237001,N.A,N.A
1617237031,N.A,N.A
1617237061,N.A,N.A
1617237091,N.A,N.A
1617237121,N.A,N.A
1617237151,N.A,N.A
1617237181,N.A,N.A
1617237211,N.A,N.A
1617237241,N.A,N.A
1617237271,N.A,N.A
1617237301,N.A,N.A
1617237331,N.A,N.A
1617237361,N.A,N.A
1617237391,N.A,N.A
1617237421,N.A,N.A
1617237451,N.A,N.A
1617237481,N.A,N.A
1617237511,N.A,N.A
1617237541,N.A,N.A
1617237571,N.A,N.A
1617237601,N.A,N.A
1617237631,N.A,N.A
1617237661,N.A,N.A
1617237691,N.A,N.A
1617237721,N.A,N.A
1617237751,N.A,N.A
1617237781,N.A,N.A
1617237811,N.A,N.A
1617237841,N.A,N.A
1617237871,N.A,N.A
1617237901,N.A,N.A
1617237931,N.A,N.A
1617237961,N.A,N.A
1617237991,N.A,N.A
1617238021,N.A,N.A
1617238051,N.A,N.A
1617238081,N.A,N.A
1617238111,N.A,N.A
1617238141,N.A,N.A
1617238171,N.A,N.A
1617238201,N.A,N.A
1617238231,N.A,N.A
1617238261,N.A,N.A
1617238291,N.A,N.A
1617238321,N.A,N.A
1617238351,N.A,N.A
1617238381,N.A,N.A
1617238411,N.A,N.A
1617238441,N.A,N.A
1617238471,N.A,N.A
1617238501,N.A,N.A
1617238531,N.A,N.A
1617238561,N.A,N.A
1617238591,N.A,N.A
1617238621,N.A,N.A
1617238651,N.A,N.A
1617238681,N.A,N.A
1617238711,N.A,N.A
1617238741,N.A,N.A
1617238771,N.A,N.A
1617238801,N.A,N.A
1617238831,N.A,N.A
1617238861,N.A,N.A
1617238891,N.A,N.A
1617238921,N.A,N.A
1617238951,N.A,N.A
1617238981,N.A,N.A
1617239011,N.A,N.A
1617239041,N.A,N.A
1617239071,N.A,N.A
1617239101,N.A,N.A
1617239131,N.A,N.A
1617239161,N.A,N.A
1617239191,N.A,N.A
1617239221,N.A,N.A
1617239251,N.A,N.A
1617239281,N.A,N.A
1617239311,N.A,N.A
1617239341,N.A,N.A
1617239371,N.A,N.A
1617239401,N.A,N.A
1617239431,N.A,N.A
1617239461,N.A,N.A
1617239491,N.A,N.A
1617239521,N.A,N.A
1617239551,N.A,N.A
1617239581,N.A,N.A
1617239611,N.A,N.A
1617239641,N.A,N.A
1617239671,N.A,N.A
1617239701,N.A,N.A
1617239731,N.A,N.A
1617239761,N.A,N.A
1617239791,N.A,N.A
1617239821,N.A,N.A
1617239851,N.A,N.A
1617239881,N.A,N.A
1617239911,N.A,N.A
1617239941,N.A,N.A
1617239971,N.A,N.A
1617240001,N.A,N.A
1617240031,N.A,N.A
1617240061,N.A,N.A
1617240091,N.A,N.A
1617240121,N.A,N.A
1617240151,N.A,N.A
1617240181,N.A,N.A
1617240211,N.A,N.A
1617240241,N.A,N.A
1617240271,N.A,N.A
1617240301,N.A,N.A
1617240331,N.A,N.A
1617240361,N.A,N.A
1617240391,N.A,N.A
1617240421,N.A,N.A
1617240451,N.A,N.A
1617240481,N.A,N.A
1617240511,N.A,N.A
1617240541,N.A,N.A
1617240571,N.A,N.A
1617240601,N.A,N.A
1617240631,N.A,N.A
1617240661,N.A,N.A
1617240691,N.A,N.A
1617240721,N.A,N.A
1617240751,N.A,N.A
1617240781,N.A,N.A
1617240811,N.A,N.A
1617240841,N.A,N.A
1617240871,N.A,N.A
1617240901,N.A,N.A
1617240931,N.A,N.A
1617240961,N.A,N.A
1617240991,N.A,N.A
1617241021,N.A,N.A
1617241051,N.A,N.A
1617241081,N.A,N.A
1617241111,N.A,N.A
1617241141,N.A,N.A
1617241171,N.A,N.A
1617241201,N.A,N.A
1617241231,N.A,N.A
1617241261,N.A,N.A
1617241291,N.A,N.A
1617241321,N.A,N.A
1617241351,N.A,N.A
1617241381,N.A,N.A
1617241411,N.A,N.A
1617241441,N.A,N.A
1617241471,N.A,N.A
1617241501,N.A,N.A
1617241531,N.A,N.A
1617241561,N.A,N.A
1617241591,N.A,N.A
1617241621,N.A,N.A
1617241651,N.A,N.A
1617241681,N.A,N.A
1617241711,N.A,N.A
1617241741,N.A,N.A
1617241771,N.A,N.A
1617241801,N.A,N.A
1617241831,N.A,N.A
1617241861,N.A,N.A
1617241891,N.A,N.A
1617241921,N.A,N.A
1617241951,N.A,N.A
1617241981,N.A,N.A
1617242011,N.A,N.A
1617242041,N.A,N.A
1617242071,N.A,N.A
1617242101,N.A,N.A
1617242131,N.A,N.A
1617242161,N.A,N.A
1617242191,N.A,N.A
1617242221,N.A,N.A
1617242251,N.A,N.A
1617242281,N.A,N.A
1617242311,N.A,N.A
1617242341,N.A,N.A
1617242371,N.A,N.A
1617242401,N.A,N.A
1617242431,N.A,N.A
1617242461,N.A,N.A
1617242491,N.A,N.A
1617242521,N.A,N.A
1617242551,N.A,N.A
1617242581,N.A,N.A
1617242611,N.A,N.A
1617242641,N.A,N.A
1617242671,N.A,N.A
1617242701,N.A,N.A
1617242731,N.A,N.A
1617242761,N.A,N.A
1617242791,N.A,N.A
1617242821,N.A,N.A
1617242851,N.A,N.A
1617242881,N.A,N.A
1617242911,N.A,N.A
1617242941,N.A,N.A
1617242971,N.A,N.A
1617243001,N.A,N.A
1617243031,N.A,N.A
1617243061,N.A,N.A
1617243091,N.A,N.A
1617243121,N.A,N.A
1617243151,N.A,N.A
1617243181,N.A,N.A
1617243211,N.A,N.A
1617243241,N.A,N.A
1617243271,N.A,N.A
1617243301,N.A,N.A
1617243331,N.A,N.A
1617243361,N.A,N.A
1617243391,N.A,N.A
1617243421,N.A,N.A
1617243451,N.A,N.A
1617243481,N.A,N.A
1617243511,N.A,N.A
1617243541,N.A,N.A
1617243571,N.A,N.A
1617243601,N.A,N.A
1617243631,N.A,N.A
1617243661,N.A,N.A
1617243691,N.A,N.A
1617243721,N.A,N.A
1617243751,N.A,N.A
1617243781,N.A,N.A
1617243811,N.A,N.A
1617243841,N.A,N.A
1617243871,N.A,N.A
1617243901,N.A,N.A
1617243931,N.A,N.A
1617243961,N.A,N.A
1617243991,N.A,N.A
1617244021,N.A,N.A
1617244051,N.A,N.A
1617244081,N.A,N.A
1617244111,N.A,N.A
1617244141,N.A,N.A
1617244171,N.A,N.A
1617244201,N.A,N.A
1617244231,N.A,N.A
1617244261,N.A,N.A
1617244291,N.A,N.A
1617244321,N.A,N.A
1617244351,N.A,N.A
1617244381,N.A,N.A
1617244411,N.A,N.A
1617244441,N.A,N.A
1617244471,N.A,N.A
1617244501,N.A,N.A
1617244531,N.A,N.A
1617244561,N.A,N.A
1617244591,N.A,N.A
1617244621,N.A,N.A
1617244651,N.A,N.A
1617244681,N.A,N.A
1617244711,N.A,N.A
1617244741,N.A,N.A
1617244771,N.A,N.A
1617244801,N.A,N.A
1617244831,N.A,N.A
1617244861,N.A,N.A
1617244891,N.A,N.A
1617244921,N.A,N.A
1617244951,N.A,N.A
1617244981,N.A,N.A
1617245011,N.A,N.A
1617245041,N.A,N.A
1617245071,N.A,N.A
1617245101,N.A,N.A
1617245131,N.A,N.A
1617245161,N.A,N.A
1617245191,N.A,N.A
1617245221,N.A,N.A
1617245251,N.A,N.A
1617245281,N.A,N.A
1617245311,N.A,N.A
1617245341,N.A,N.A
1617245371,N.A,N.A
1617245401,N.A,N.A
1617245431,N.A,N.A
1617245461,N.A,N.A
1617245491,N.A,N.A
1617245521,N.A,N.A
1617245551,N.A,N.A
1617245581,N.A,N.A
1617245611,N.A,N.A
1617245641,N.A,N.A
1617245671,N.A,N.A
1617245701,N.A,N.A
1617245731,N.A,N.A
1617245761,N.A,N.A
1617245791,N.A,N.A
1617245821,N.A,N.A
1617245851,N.A,N.A
1617245881,N.A,N.A
1617245911,N.A,N.A
1617245941,N.A,N.A
1617245971,N.A,N.A
1617246001,N.A,N.A
1617246031,N.A,N.A
1617246061,N.A,N.A
1617246091,N.A,N.A
1617246121,N.A,N.A
1617246151,N.A,N.A
1617246181,N.A,N.A
1617246211,N.A,N.A
1617246241,N.A,N.A
1617246271,N.A,N.A
1617246301,N.A,N.A
1617246331,N.A,N.A
1617246361,N.A,N.A
1617246391,N.A,N.A
1617246421,N.A,N.A
1617246451,N.A,N.A
1617246481,N.A,N.A
1617246511,N.A,N.A
1617246541,N.A,N.A
1617246571,N.A,N.A
1617246601,N.A,N.A
1617246631,N.A,N.A
1617246661,N.A,N.A
1617246691,N.A,N.A
1617246721,N.A,N.A
1617246751,N.A,N.A
1617246781,N.A,N.A
1617246811,N.A,N.A
1617246841,N.A,N.A
1617246871,N.A,N.A
1617246901,N.A,N.A
1617246931,N.A,N.A
1617246961,N.A,N.A
1617246991,N.A,N.A
1617247021,N.A,N.A
1617247051,N.A,N.A
1617247081,N.A,N.A
1617247111,N.A,N.A
1617247141,N.A,N.A
1617247171,N.A,N.A
1617247201,N.A,N.A
1617247231,N.A,N.A
1617247261,N.A,N.A
1617247291,N.A,N.A
1617247321,N.A,N.A
1617247351,N.A,N.A
1617247381,N.A,N.A
1617247411,N.A,N.A
1617247441,N.A,N.A
1617247471,N.A,N.A
1617247501,N.A,N.A
1617247531,N.A,N.A
1617247561,N.A,N.A
1617247591,N.A,N.A
1617247621,N.A,N.A
1617247651,N.A,N.A
1617247681,N.A,N.A
1617247711,N.A,N.A
1617247741,N.A,N.A
1617247771,N.A,N.A
1617247801,N.A,N.A
1617247831,N.A,N.A
1617247861,N.A,N.A
1617247891,N.A,N.A
1617247921,N.A,N.A
1617247951,N.A,N.A
1617247981,N.A,N.A
1617248011,N.A,N.A
1617248041,N.A,N.A
1617248071,N.A,N.A
1617248101,N.A,N.A
1617248131,N.A,N.A
1617248161,N.A,N.A
1617248191,N.A,N.A
1617248221,N.A,N.A
1617248251,N.A,N.A
1617248281,N.A,N.A
1617248311,N.A,N.A
1617248341,N.A,N.A
1617248371,N.A,N.A
1617248401,N.A,N.A
1617248431,N.A,N.A
1617248461,N.A,N.A
1617248491,N.A,N.A
1617248521,N.A,N.A
1617248551,N.A,N.A
1617248581,N.A,N.A
1617248611,N.A,N.A
1617248641,N.A,N.A
1617248671,N.A,N.A
1617248701,N.A,N.A
1617248731,N.A,N.A
1617248761,N.A,N.A
1617248791,N.A,N.A
1617248821,N.A,N.A
1617248851,N.A,N.A
1617248881,N.A,N.A
1617248911,N.A,N.A
1617248941,N.A,N.A
1617248971,N.A,N.A
1617249001,N.A,N.A
1617249031,N.A,N.A
1617249061,N.A,N.A
1617249091,N.A,N.A
1617249121,N.A,N.A
1617249151,N.A,N.A
1617249181,N.A,N.A
1617249211,N.A,N.A
1617249241,N.A,N.A
1617249271,N.A,N.A
1617249301,N.A,N.A
1617249331,N.A,N.A
1617249361,N.A,N.A
1617249391,N.A,N.A
1617249421,N.A,N.A
1617249451,N.A,N.A
1617249481,N.A,N.A
1617249511,N.A,N.A
1617249541,N.A,N.A
1617249571,N.A,N.A
1617249601,N.A,N.A
1617249631,N.A,N.A
1617249661,N.A,N.A
1617249691,N.A,N.A
1617249721,N.A,N.A
1617249751,N.A,N.A
1617249781,N.A,N.A
1617249811,N.A,N.A
1617249841,N.A,N.A
1617249871,N.A,N.A
1617249901,N.A,N.A
1617249931,N.A,N.A
1617249961,N.A,N.A
1617249991,N.A,N.A
1617250021,N.A,N.A
1617250051,N.A,N.A
1617250081,N.A,N.A
1617250111,N.A,N.A
1617250141,N.A,N.A
1617250171,N.A,N.A
1617250201,N.A,N.A
1617250231,N.A,N.A
1617250261,N.A,N.A
1617250291,N.A,N.A
1617250321,N.A,N.A
1617250351,N.A,N.A
1617250381,N.A,N.A
1617250411,N.A,N.A
1617250441,N.A,N.A
1617250471,N.A,N.A
1617250501,N.A,N.A
1617250531,N.A,N.A
1617250561,N.A,N.A
1617250591,N.A,N.A
1617250621,N.A,N.A
1617250651,N.A,N.A
1617250681,N.A,N.A
1617250711,N.A,N.A
1617250741,N.A,N.A
1617250771,N.A,N.A
1617250801,N.A,N.A
1617250831,N.A,N.A
1617250861,N.A,N.A
1617250891,N.A,N.A
1617250921,N.A,N.A
1617250951,N.A,N.A
1617250981,N.A,N.A
1617251011,N.A,N.A
1617251041,N.A,N.A
1617251071,N.A,N.A
1617251101,N.A,N.A
1617251131,N.A,N.A
1617251161,N.A,N.A
1617251191,N.A,N.A
1617251221,N.A,N.A
1617251251,N.A,N.A
1617251281,N.A,N.A
1617251311,N.A,N.A
1617251341,N.A,N.A
1617251371,N.A,N.A
1617251401,N.A,N.A
1617251431,N.A,N.A
1617251461,N.A,N.A
1617251491,N.A,N.A
1617251521,N.A,N.A
1617251551,N.A,N.A
1617251581,N.A,N.A
1617251611,N.A,N.A
1617251641,N.A,N.A
1617251671,N.A,N.A
1617251701,N.A,N.A
1617251731,N.A,N.A
1617251761,N.A,N.A
1617251791,N.A,N.A
1617251821,N.A,N.A
1617251851,N.A,N.A
1617251881,N.A,N.A
1617251911,N.A,N.A
1617251941,N.A,N.A
1617251971,N.A,N.A
1617252001,N.A,N.A
1617252031,N.A,N.A
1617252061,N.A,N.A
1617252091,N.A,N.A
1617252121,N.A,N.A
1617252151,N.A,N.A
1617252181,N.A,N.A
1617252211,N.A,N.A
1617252241,N.A,N.A
1617252271,N.A,N.A
1617252301,N.A,N.A
1617252331,N.A,N.A
1617252361,N.A,N.A
1617252391,N.A,N.A
1617252421,N.A,N.A
1617252451,N.A,N.A
1617252481,N.A,N.A
1617252511,N.A,N.A
1617252541,N.A,N.A
1617252571,N.A,N.A
1617252601,N.A,N.A
1617252631,N.A,N.A
1617252661,N.A,N.A
1617252691,N.A,N.A
1617252721,N.A,N.A
1617252751,N.A,N.A
1617252781,N.A,N.A
1617252811,N.A,N.A
1617252841,N.A,N.A
1617252871,N.A,N.A
1617252901,N.A,N.A
1617252931,N.A,N.A
1617252961,N.A,N.A
1617252991,N.A,N.A
1617253021,N.A,N.A
1617253051,N.A,N.A
1617253081,N.A,N.A
1617253111,N.A,N.A
1617253141,N.A,N.A
1617253171,N.A,N.A
1617253201,N.A,N.A
1617253231,N.A,N.A
1617253261,N.A,N.A
1617253291,N.A,N.A
1617253321,N.A,N.A
1617253351,N.A,N.A
1617253381,N.A,N.A
1617253411,N.A,N.A
1617253441,N.A,N.A
1617253471,N.A,N.A
1617253501,N.A,N.A
1617253531,N.A,N.A
1617253561,N.A,N.A
1617253591,N.A,N.A
1617253621,N.A,N.A
1617253651,N.A,N.A
1617253681,N.A,N.A
1617253711,N.A,N.A
1617253741,N.A,N.A
1617253771,N.A,N.A
1617253801,N.A,N.A
1617253831,N.A,N.A
1617253861,N.A,N.A
1617253891,N.A,N.A
1617253921,N.A,N.A
1617253951,N.A,N.A
1617253981,N.A,N.A
1617254011,N.A,N.A
1617254041,N.A,N.A
1617254071,N.A,N.A
1617254101,N.A,N.A
1617254131,N.A,N.A
1617254161,N.A,N.A
1617254191,N.A,N.A
1617254221,N.A,N.A
1617254251,N.A,N.A
1617254281,N.A,N.A
1617254311,N.A,N.A
1617254341,N.A,N.A
1617254371,N.A,N.A
1617254401,N.A,N.A
1617254431,N.A,N.A
1617254461,N.A,N.A
1617254491,N.A,N.A
1617254521,N.A,N.A
1617254551,N.A,N.A
1617254581,N.A,N.A
1617254611,N.A,N.A
1617254641,N.A,N.A
1617254671,N.A,N.A
1617254701,N.A,N.A
1617254731,N.A,N.A
1617254761,N.A,N.A
1617254791,N.A,N.A
1617254821,N.A,N.A
1617254851,N.A,N.A
1617254881,N.A,N.A
1617254911,N.A,N.A
1617254941,N.A,N.A
1617254971,N.A,N.A
1617255001,N.A,N.A
1617255031,N.A,N.A
1617255061,N.A,N.A
1617255091,N.A,N.A
1617255121,N.A,N.A
1617255151,N.A,N.A
1617255181,N.A,N.A
1617255211,N.A,N.A
1617255241,N.A,N.A
1617255271,N.A,N.A
1617255301,N.A,N.A
1617255331,N.A,N.A
1617255361,N.A,N.A
1617255391,N.A,N.A
1617255421,N.A,N.A
1617255451,N.A,N.A
1617255481,N.A,N.A
1617255511,N.A,N.A
1617255541,N.A,N.A
1617255571,N.A,N.A
1617255601,N.A,N.A
1617255631,N.A,N.A
1617255661,N.A,N.A
1617255691,N.A,N.A
1617255721,N.A,N.A
1617255751,N.A,N.A
1617255781,N.A,N.A
1617255811,N.A,N.A
1617255841,N.A,N.A
1617255871,N.A,N.A
1617255901,N.A,N.A
1617255931,N.A,N.A
1617255961,N.A,N.A
1617255991,N.A,N.A
1617256021,N.A,N.A
1617256051,N.A,N.A
1617256081,N.A,N.A
1617256111,N.A,N.A
1617256141,N.A,N.A
1617256171,N.A,N.A
1617256201,N.A,N.A
1617256231,N.A,N.A
1617256261,N.A,N.A
1617256291,N.A,N.A
1617256321,N.A,N.A
1617256351,N.A,N.A
1617256381,N.A,N.A
1617256411,N.A,N.A
1617256441,N.A,N.A
1617256471,N.A,N.A
1617256501,N.A,N.A
1617256531,N.A,N.A
1617256561,N.A,N.A
1617256591,N.A,N.A
1617256621,N.A,N.A
1617256651,N.A,N.A
1617256681,N.A,N.A
1617256711,N.A,N.A
1617256741,N.A,N.A
1617256771,N.A,N.A
1617256801,N.A,N.A
1617256831,N.A,N.A
1617256861,N.A,N.A
1617256891,N.A,N.A
1617256921,N.A,N.A
1617256951,N.A,N.A
1617256981,N.A,N.A
1617257011,N.A,N.A
1617257041,N.A,N.A
1617257071,N.A,N.A
1617257101,N.A,N.A
1617257131,N.A,N.A
1617257161,N.A,N.A
1617257191,N.A,N.A
1617257221,N.A,N.A
1617257251,N.A,N.A
1617257281,N.A,N.A
1617257311,N.A,N.A
1617257341,N.A,N.A
1617257371,N.A,N.A
1617257401,N.A,N.A
1617257431,N.A,N.A
1617257461,N.A,N.A
1617257491,N.A,N.A
1617257521,N.A,N.A
1617257551,N.A,N.A
1617257581,N.A,N.A
1617257611,N.A,N.A
1617257641,N.A,N.A
1617257671,N.A,N.A
1617257701,N.A,N.A
1617257731,N.A,N.A
1617257761,N.A,N.A
1617257791,N.A,N.A
1617257821,N.A,N.A
1617257851,N.A,N.A
1617257881,N.A,N.A
1617257911,N.A,N.A
1617257941,N.A,N.A
1617257971,N.A,N.A
1617258001,N.A,N.A
1617258031,N.A,N.A
1617258061,N.A,N.A
1617258091,N.A,N.A
1617258121,N.A,N.A
1617258151,N.A,N.A
1617258181,N.A,N.A
1617258211,N.A,N.A
1617258241,N.A,N.A
1617258271,N.A,N.A
1617258301,N.A,N.A
1617258331,N.A,N.A
1617258361,N.A,N.A
1617258391,N.A,N.A
1617258421,N.A,N.A
1617258451,N.A,N.A
1617258481,N.A,N.A
1617258511,N.A,N.A
1617258541,N.A,N.A
1617258571,N.A,N.A
1617258601,N.A,N.A
1617258631,N.A,N.A
1617258661,N.A,N.A
1617258691,N.A,N.A
1617258721,N.A,N.A
1617258751,N.A,N.A
1617258781,N.A,N.A
1617258811,N.A,N.A
1617258841,N.A,N.A
1617258871,N.A,N.A
1617258901,N.A,N.A
1617258931,N.A,N.A
1617258961,N.A,N.A
1617258991,N.A,N.A
1617259021,N.A,N.A
1617259051,N.A,N.A
1617259081,N.A,N.A
1617259111,N.A,N.A
1617259141,N.A,N.A
1617259171,N.A,N.A
1617259201,N.A,N.A
1617259231,N.A,N.A
1617259261,N.A,N.A
1617259291,N.A,N.A
1617259321,N.A,N.A
1617259351,N.A,N.A
1617259381,N.A,N.A
1617259411,N.A,N.A
1617259441,N.A,N.A
1617259471,N.A,N.A
1617259501,N.A,N.A
1617259531,N.A,N.A
1617259561,N.A,N.A
1617259591,N.A,N.A
1617259621,N.A,N.A
1617259651,N.A,N.A
1617259681,N.A,N.A
1617259711,N.A,N.A
1617259741,N.A,N.A
1617259771,N.A,N.A
1617259801,N.A,N.A
1617259831,N.A,N.A
1617259861,N.A,N.A
1617259891,N.A,N.A
1617259921,N.A,N.A
1617259951,N.A,N.A
1617259981,N.A,N.A
1617260011,N.A,N.A
1617260041,N.A,N.A
1617260071,N.A,N.A
1617260101,N.A,N.A
1617260131,N.A,N.A
1617260161,N.A,N.A
1617260191,N.A,N.A
1617260221,N.A,N.A
1617260251,N.A,N.A
1617260281,N.A,N.A
1617260311,N.A,N.A
1617260341,N.A,N.A
1617260371,N.A,N.A
1617260401,N.A,N.A
1617260431,N.A,N.A
1617260461,N.A,N.A
1617260491,N.A,N.A
1617260521,N.A,N.A
1617260551,N.A,N.A
1617260581,N.A,N.A
1617260611,N.A,N.A
1617260641,N.A,N.A
1617260671,N.A,N.A
1617260701,N.A,N.A
1617260731,N.A,N.A
1617260761,N.A,N.A
1617260791,N.A,N.A
1617260821,N.A,N.A
1617260851,N.A,N.A
1617260881,N.A,N.A
1617260911,N.A,N.A
1617260941,N.A,N.A
1617260971,N.A,N.A
1617261001,N.A,N.A
1617261031,N.A,N.A
1617261061,N.A,N.A
1617261091,N.A,N.A
1617261121,N.A,N.A
1617261151,N.A,N.A
1617261181,N.A,N.A
1617261211,N.A,N.A
1617261241,N.A,N.A
1617261271,N.A,N.A
1617261301,N.A,N.A
1617261331,N.A,N.A
1617261361,N.A,N.A
1617261391,N.A,N.A
1617261421,N.A,N.A
1617261451,N.A,N.A
1617261481,N.A,N.A
1617261511,N.A,N.A
1617261541,N.A,N.A
1617261571,N.A,N.A
1617261601,N.A,N.A
1617261631,N.A,N.A
1617261661,N.A,N.A
1617261691,N.A,N.A
1617261721,N.A,N.A
1617261751,N.A,N.A
1617261781,N.A,N.A
1617261811,N.A,N.A
1617261841,N.A,N.A
1617261871,N.A,N.A
1617261901,N.A,N.A
1617261931,N.A,N.A
1617261961,N.A,N.A
1617261991,N.A,N.A
1617262021,N.A,N.A
1617262051,N.A,N.A
1617262081,N.A,N.A
1617262111,N.A,N.A
1617262141,N.A,N.A
1617262171,N.A,N.A
1617262201,N.A,N.A
1617262231,N.A,N.A
1617262261,N.A,N.A
1617262291,N.A,N.A
1617262321,N.A,N.A
1617262351,N.A,N.A
1617262381,N.A,N.A
1617262411,N.A,N.A
1617262441,N.A,N.A
1617262471,N.A,N.A
1617262501,N.A,N.A
1617262531,N.A,N.A
1617262561,N.A,N.A
1617262591,N.A,N.A
1617262621,N.A,N.A
1617262651,N.A,N.A
1617262681,N.A,N.A
1617262711,N.A,N.A
1617262741,N.A,N.A
1617262771,N.A,N.A
1617262801,N.A,N.A
1617262831,N.A,N.A
1617262861,N.A,N.A
1617262891,N.A,N.A
1617262921,N.A,N.A
1617262951,N.A,N.A
1617262981,N.A,N.A
1617263011,N.A,N.A
1617263042,N.A,N.A
1617263071,N.A,N.A
1617263101,N.A,N.A
1617263131,N.A,N.A
1617263161,N.A,N.A
1617263191,N.A,N.A
1617263221,N.A,N.A
1617263251,N.A,N.A
1617263281,N.A,N.A
1617263311,N.A,N.A
1617263341,N.A,N.A
1617263371,N.A,N.A
1617263401,N.A,N.A
1617263431,N.A,N.A
1617263461,N.A,N.A
1617263491,N.A,N.A
1617263521,N.A,N.A
1617263551,N.A,N.A
1617263581,N.A,N.A
1617263611,N.A,N.A
1617263641,N.A,N.A
1617263671,N.A,N.A
1617263701,N.A,N.A
1617263731,N.A,N.A
1617263761,N.A,N.A
1617263791,N.A,N.A
1617263821,N.A,N.A
1617263851,N.A,N.A
1617263881,N.A,N.A
1617263911,N.A,N.A
1617263941,N.A,N.A
1617263971,N.A,N.A
1617264001,N.A,N.A
1617264031,N.A,N.A
1617264061,N.A,N.A
1617264091,N.A,N.A
1617264121,N.A,N.A
1617264151,N.A,N.A
1617264181,N.A,N.A
1617264211,N.A,N.A
1617264241,N.A,N.A
1617264271,N.A,N.A
1617264301,N.A,N.A
1617264331,N.A,N.A
1617264361,N.A,N.A
1617264391,N.A,N.A
1617264421,N.A,N.A
1617264451,N.A,N.A
1617264481,N.A,N.A
1617264511,N.A,N.A
1617264541,N.A,N.A
1617264571,N.A,N.A
1617264601,N.A,N.A
1617264631,N.A,N.A
1617264661,N.A,N.A
1617264691,N.A,N.A
1617264721,N.A,N.A
1617264751,N.A,N.A
1617264781,N.A,N.A
1617264811,N.A,N.A
1617264841,N.A,N.A
1617264871,N.A,N.A
1617264901,N.A,N.A
1617264931,N.A,N.A
1617264961,N.A,N.A
1617264991,N.A,N.A
1617265021,N.A,N.A
1617265051,N.A,N.A
1617265081,N.A,N.A
1617265111,N.A,N.A
1617265141,N.A,N.A
1617265171,N.A,N.A
1617265201,N.A,N.A
1617265231,N.A,N.A
1617265261,N.A,N.A
1617265291,N.A,N.A
1617265321,N.A,N.A
1617265351,N.A,N.A
1617265381,N.A,N.A
1617265411,N.A,N.A
1617265441,N.A,N.A
1617265471,N.A,N.A
1617265501,N.A,N.A
1617265531,N.A,N.A
1617265561,N.A,N.A
1617265591,N.A,N.A
1617265621,N.A,N.A
1617265651,N.A,N.A
1617265681,N.A,N.A
1617265711,N.A,N.A
1617265741,N.A,N.A
1617265771,N.A,N.A
1617265801,N.A,N.A
1617265831,N.A,N.A
1617265861,N.A,N.A
1617265891,N.A,N.A
1617265921,N.A,N.A
1617265951,N.A,N.A
1617265981,N.A,N.A
1617266011,N.A,N.A
1617266041,N.A,N.A
1617266071,N.A,N.A
1617266101,N.A,N.A
1617266131,N.A,N.A
1617266161,N.A,N.A
1617266191,N.A,N.A
1617266221,N.A,N.A
1617266251,N.A,N.A
1617266281,N.A,N.A
1617266311,N.A,N.A
1617266341,N.A,N.A
1617266371,N.A,N.A
1617266401,N.A,N.A
1617266431,N.A,N.A
1617266461,N.A,N.A
1617266491,N.A,N.A
1617266521,N.A,N.A
1617266551,N.A,N.A
1617266581,N.A,N.A
1617266611,N.A,N.A
1617266641,N.A,N.A
1617266671,N.A,N.A
1617266701,N.A,N.A
1617266731,N.A,N.A
1617266761,N.A,N.A
1617266791,N.A,N.A
1617266821,N.A,N.A
1617266851,N.A,N.A
1617266881,N.A,N.A
1617266911,N.A,N.A
1617266941,N.A,N.A
1617266971,N.A,N.A
1617267001,N.A,N.A
1617267031,N.A,N.A
1617267061,N.A,N.A
1617267091,N.A,N.A
1617267121,N.A,N.A
1617267151,N.A,N.A
1617267181,N.A,N.A
1617267211,N.A,N.A
1617267241,N.A,N.A
1617267271,N.A,N.A
1617267301,N.A,N.A
1617267331,N.A,N.A
1617267361,N.A,N.A
1617267391,N.A,N.A
1617267421,N.A,N.A
1617267451,N.A,N.A
1617267481,N.A,N.A
1617267511,N.A,N.A
1617267541,N.A,N.A
1617267571,N.A,N.A
1617267601,N.A,N.A
1617267631,N.A,N.A
1617267661,N.A,N.A
1617267691,N.A,N.A
1617267721,N.A,N.A
1617267751,N.A,N.A
1617267781,N.A,N.A
1617267811,N.A,N.A
1617267841,N.A,N.A
1617267871,N.A,N.A
1617267901,N.A,N.A
1617267931,N.A,N.A
1617267961,N.A,N.A
1617267991,N.A,N.A
1617268021,N.A,N.A
1617268051,N.A,N.A
1617268081,N.A,N.A
1617268111,N.A,N.A
1617268141,N.A,N.A
1617268171,N.A,N.A
1617268201,N.A,N.A
1617268231,N.A,N.A
1617268261,N.A,N.A
1617268291,N.A,N.A
1617268321,N.A,N.A
1617268351,N.A,N.A
1617268381,N.A,N.A
1617268411,N.A,N.A
1617268441,N.A,N.A
1617268471,N.A,N.A
1617268501,N.A,N.A
1617268531,N.A,N.A
1617268561,N.A,N.A
1617268591,N.A,N.A
1617268621,N.A,N.A
1617268651,N.A,N.A
1617268681,N.A,N.A
1617268711,N.A,N.A
1617268741,N.A,N.A
1617268771,N.A,N.A
1617268801,N.A,N.A
1617268831,N.A,N.A
1617268861,N.A,N.A
1617268891,N.A,N.A
1617268921,N.A,N.A
1617268951,N.A,N.A
1617268981,N.A,N.A
1617269011,N.A,N.A
1617269041,N.A,N.A
1617269071,N.A,N.A
1617269101,N.A,N.A
1617269131,N.A,N.A
1617269161,N.A,N.A
1617269191,N.A,N.A
1617269221,N.A,N.A
1617269251,N.A,N.A
1617269281,N.A,N.A
1617269311,N.A,N.A
1617269341,N.A,N.A
1617269371,N.A,N.A
1617269401,N.A,N.A
1617269431,N.A,N.A
1617269461,N.A,N.A
1617269491,N.A,N.A
1617269521,N.A,N.A
1617269551,N.A,N.A
1617269581,N.A,N.A
1617269611,N.A,N.A
1617269641,N.A,N.A
1617269671,N.A,N.A
1617269701,N.A,N.A
1617269731,N.A,N.A
1617269761,N.A,N.A
1617269791,N.A,N.A
1617269821,N.A,N.A
1617269851,N.A,N.A
1617269881,N.A,N.A
1617269911,N.A,N.A
1617269941,N.A,N.A
1617269971,N.A,N.A
1617270001,N.A,N.A
1617270031,N.A,N.A
1617270061,N.A,N.A
1617270091,N.A,N.A
1617270121,N.A,N.A
1617270151,N.A,N.A
1617270181,N.A,N.A
1617270211,N.A,N.A
1617270241,N.A,N.A
1617270271,N.A,N.A
1617270301,N.A,N.A
1617270331,N.A,N.A
1617270361,N.A,N.A
1617270391,N.A,N.A
1617270421,N.A,N.A
1617270451,N.A,N.A
1617270481,N.A,N.A
1617270511,N.A,N.A
1617270541,N.A,N.A
1617270571,N.A,N.A
1617270601,N.A,N.A
1617270631,N.A,N.A
1617270661,N.A,N.A
1617270691,N.A,N.A
1617270721,N.A,N.A
1617270751,N.A,N.A
1617270781,N.A,N.A
1617270811,N.A,N.A
1617270841,N.A,N.A
1617270871,N.A,N.A
1617270901,N.A,N.A
1617270931,N.A,N.A
1617270961,N.A,N.A
1617270991,N.A,N.A
1617271021,N.A,N.A
1617271051,N.A,N.A
1617271081,N.A,N.A
1617271111,N.A,N.A
1617271141,N.A,N.A
1617271171,N.A,N.A
1617271201,N.A,N.A
1617271231,N.A,N.A
1617271261,N.A,N.A
1617271291,N.A,N.A
1617271321,N.A,N.A
1617271351,N.A,N.A
1617271381,N.A,N.A
1617271411,N.A,N.A
1617271441,N.A,N.A
1617271471,N.A,N.A
1617271501,N.A,N.A
1617271531,N.A,N.A
1617271561,N.A,N.A
1617271591,N.A,N.A
1617271621,N.A,N.A
1617271651,N.A,N.A
1617271681,N.A,N.A
1617271711,N.A,N.A
1617271741,N.A,N.A
1617271771,N.A,N.A
1617271801,N.A,N.A
1617271831,N.A,N.A
1617271861,N.A,N.A
1617271891,N.A,N.A
1617271921,N.A,N.A
1617271951,N.A,N.A
1617271981,N.A,N.A
1617272011,N.A,N.A
1617272041,N.A,N.A
1617272071,N.A,N.A
1617272101,N.A,N.A
1617272131,N.A,N.A
1617272161,N.A,N.A
1617272191,N.A,N.A
1617272221,N.A,N.A
1617272251,N.A,N.A
1617272281,N.A,N.A
1617272311,N.A,N.A
1617272341,N.A,N.A
1617272371,N.A,N.A
1617272401,N.A,N.A
1617272431,N.A,N.A
1617272461,N.A,N.A
1617272491,N.A,N.A
1617272521,N.A,N.A
1617272551,N.A,N.A
1617272581,N.A,N.A
1617272611,N.A,N.A
1617272641,N.A,N.A
1617272671,N.A,N.A
1617272701,N.A,N.A
1617272731,N.A,N.A
1617272761,N.A,N.A
1617272791,N.A,N.A
1617272821,N.A,N.A
1617272851,N.A,N.A
1617272881,N.A,N.A
1617272911,N.A,N.A
1617272941,N.A,N.A
1617272971,N.A,N.A
1617273001,N.A,N.A
1617273031,N.A,N.A
1617273061,N.A,N.A
1617273091,N.A,N.A
1617273121,N.A,N.A
1617273151,N.A,N.A
1617273181,N.A,N.A
1617273211,N.A,N.A
1617273241,N.A,N.A
1617273271,N.A,N.A
1617276276,0,-5555
1617276306,N.A,N.A
1617276336,N.A,N.A
1617276366,N.A,N.A
1617276396,N.A,N.A
1617276426,N.A,N.A
1617276457,N.A,N.A
1617276486,N.A,N.A
1617276516,73.67,30.9
1617276546,N.A,N.A
1617276576,N.A,N.A
1617276606,N.A,N.A
1617276636,N.A,N.A
1617276666,N.A,N.A
1617276696,N.A,N.A
1617276726,N.A,N.A
1617276757,N.A,N.A
1617276786,N.A,N.A
1617276816,N.A,N.A
1617276846,N.A,N.A
1617276876,N.A,N.A
1617276906,N.A,N.A
1617276936,N.A,N.A
1617276966,N.A,N.A
1617276996,N.A,N.A
1617277026,N.A,N.A
1617277057,N.A,N.A
1617277086,N.A,N.A
1617277116,N.A,N.A
1617277146,N.A,N.A
1617277176,N.A,N.A
1617277206,N.A,N.A
1617277236,N.A,N.A
1617277266,N.A,N.A
1617277296,N.A,N.A
1617277326,N.A,N.A
1617277357,N.A,N.A
1617277386,N.A,N.A
1617277416,N.A,N.A
1617277446,N.A,N.A
1617277476,N.A,N.A
1617277506,N.A,N.A
1617277536,N.A,N.A
1617277566,N.A,N.A
1617277596,N.A,N.A
1617277626,N.A,N.A
1617277657,N.A,N.A
1617277686,N.A,N.A
1617277716,N.A,N.A
1617277746,N.A,N.A
1617277776,N.A,N.A
1617277806,N.A,N.A
1617277836,N.A,N.A
1617277866,N.A,N.A
1617277896,N.A,N.A
1617277926,N.A,N.A
1617277957,N.A,N.A
1617277986,N.A,N.A
1617278016,N.A,N.A
1617278046,N.A,N.A
1617278076,N.A,N.A
1617278106,N.A,N.A
1617278136,N.A,N.A
1617278166,N.A,N.A
1617278196,N.A,N.A
1617278226,N.A,N.A
1617278257,N.A,N.A
1617278286,N.A,N.A
1617278316,N.A,N.A
1617278346,N.A,N.A
1617278376,N.A,N.A
1617278406,N.A,N.A
1617278436,N.A,N.A
1617278466,N.A,N.A
1617278496,N.A,N.A
1617278526,N.A,N.A
1617278558,N.A,N.A
1617278586,N.A,N.A
1617278616,N.A,N.A
1617278646,N.A,N.A
1617278676,N.A,N.A
1617278706,N.A,N.A
1617278736,N.A,N.A
1617278766,N.A,N.A
1617278796,N.A,N.A
1617278826,N.A,N.A
1617278857,N.A,N.A
1617278886,N.A,N.A
                       1617284969,75.12,30.22
1617284999,75.09,30.205
1617285029,N.A,N.A
1617285059,N.A,N.A
1617285089,N.A,N.A
1617285119,0,-5555
1617285149,N.A,N.A
1617285180,N.A,N.A
1617285209,N.A,N.A
1617285239,N.A,N.A
1617285269,N.A,N.A
1617285299,N.A,N.A
1617285329,N.A,N.A
1617285359,N.A,N.A
1617285389,N.A,N.A
1617285419,N.A,N.A
1617285449,N.A,N.A
1617285481,N.A,N.A
1617285509,N.A,N.A
1617285539,N.A,N.A
1617285569,N.A,N.A
1617285599,N.A,N.A
1617285629,N.A,N.A
1617285659,N.A,N.A
1617285689,N.A,N.A
1617285719,N.A,N.A
1617285749,N.A,N.A
1617287488,75.22,30.11
1617287518,75.16,30.11
1617287548,75.16,30.11
1617287578,N.A,N.A
1617287608,N.A,N.A
1617287638,75.15,30.1
1617287668,N.A,N.A
1617287698,N.A,N.A
1617287728,N.A,N.A
1617287758,N.A,N.A
1617287788,0,-5555
1617293182,74.75,30.13
1617293212,74.75,30.15
1617293242,N.A,N.A
1617293272,N.A,N.A
1617293302,0,-5555
1617293332,N.A,N.A
1617293362,N.A,N.A
1617293392,N.A,N.A
1617293423,N.A,N.A
1617293452,N.A,N.A
1617293482,N.A,N.A
1617293512,N.A,N.A
1617293542,N.A,N.A
1617293572,N.A,N.A
1617293602,N.A,N.A
1617293632,N.A,N.A
1617293662,N.A,N.A
1617293692,N.A,N.A
1617293723,N.A,N.A
1617293752,N.A,N.A
1617293782,N.A,N.A
1617293812,N.A,N.A
1617293842,N.A,N.A
1617293872,N.A,N.A
1617293902,N.A,N.A
1617293932,N.A,N.A
1617293962,N.A,N.A
1617293992,N.A,N.A
1617294023,N.A,N.A
1617294052,N.A,N.A
1617294082,N.A,N.A
1617294112,N.A,N.A
1617294142,N.A,N.A
1617294172,N.A,N.A
1617294202,N.A,N.A
1617294232,N.A,N.A
1617294262,74.49,30.09
1617294292,74.8,30.1
1617294322,74.75,30.09
1617294352,N.A,N.A
1617294382,74.59,30.09
1617294412,N.A,N.A
1617294442,N.A,N.A
1617294472,0,-5555
1617294502,N.A,N.A
1617294532,N.A,N.A
1617294562,N.A,N.A
1617294592,N.A,N.A
1617294623,N.A,N.A
1617294652,N.A,N.A
1617294682,N.A,N.A
1617294712,N.A,N.A
1617294742,N.A,N.A
1617294772,N.A,N.A
1617294802,N.A,N.A
1617294832,N.A,N.A
1617294862,N.A,N.A
1617294892,N.A,N.A
1617294923,N.A,N.A
1617294952,N.A,N.A
1617294982,N.A,N.A
1617295012,N.A,N.A
1617295042,N.A,N.A
1617295072,N.A,N.A
1617295102,N.A,N.A
1617295132,N.A,N.A
1617295162,N.A,N.A
1617295192,N.A,N.A
1617295222,N.A,N.A
1617295252,N.A,N.A
1617295282,N.A,N.A
1617295312,N.A,N.A
1617295342,N.A,N.A
1617295372,N.A,N.A
1617295402,N.A,N.A
1617295432,N.A,N.A
1617295462,N.A,N.A
1617295492,N.A,N.A
1617296322,74.86,30.03
1617296352,N.A,N.A
1617297634,75.18,30.01
1617297664,75.18,30.01
1617297694,75.24,30.02
1617297724,N.A,N.A
1617297754,N.A,N.A
1617297784,0,-5555
1617297814,N.A,N.A
1617297844,N.A,N.A
1617297875,N.A,N.A
1617297904,N.A,N.A
1617297934,N.A,N.A
1617297964,N.A,N.A
1617297994,N.A,N.A
1617298024,N.A,N.A
1617298054,N.A,N.A
1617298084,N.A,N.A
1617298114,N.A,N.A
1617298144,N.A,N.A
1617298175,N.A,N.A
1617298204,N.A,N.A
1617298234,N.A,N.A
1617298264,N.A,N.A
1617298294,N.A,N.A
1617298324,N.A,N.A
1617298354,N.A,N.A
1617298384,N.A,N.A
1617298414,N.A,N.A
1617298444,N.A,N.A
1617298475,N.A,N.A
1617298504,N.A,N.A
1617298534,N.A,N.A
1617298564,N.A,N.A
1617298594,N.A,N.A
1617298624,N.A,N.A
1617298654,N.A,N.A
1617298684,N.A,N.A
1617298714,N.A,N.A
1617298744,N.A,N.A
1617298775,N.A,N.A
1617298804,N.A,N.A
1617298834,75.59,29.95
1617298864,N.A,N.A
1617298894,N.A,N.A
1617298924,N.A,N.A
1617298954,N.A,N.A
1617298984,N.A,N.A
1617299014,N.A,N.A
1617299044,0,-5555
1617299075,N.A,N.A
1617299104,N.A,N.A
1617299134,N.A,N.A
1617299164,N.A,N.A
1617299194,N.A,N.A
1617299224,N.A,N.A
1617299254,N.A,N.A
1617299284,N.A,N.A
1617299314,N.A,N.A
1617299344,N.A,N.A
1617299375,N.A,N.A
1617299404,N.A,N.A
1617299434,N.A,N.A
1617299464,N.A,N.A
1617299494,N.A,N.A
1617299524,N.A,N.A
1617299554,N.A,N.A
1617299584,N.A,N.A
1617299614,N.A,N.A
1617299644,N.A,N.A
1617299675,N.A,N.A
1617299704,N.A,N.A
1617299734,N.A,N.A
1617299764,N.A,N.A
1617299794,N.A,N.A
1617299824,N.A,N.A
1617299854,N.A,N.A
1617299884,N.A,N.A
1617299914,N.A,N.A
1617299944,N.A,N.A
1617299974,N.A,N.A
1617300004,N.A,N.A
1617300034,N.A,N.A
1617300064,N.A,N.A
1617300094,N.A,N.A
1617300124,N.A,N.A
1617300154,N.A,N.A
1617300184,N.A,N.A
1617300214,N.A,N.A
1617300244,N.A,N.A
1617301163,0,-5555
1617301193,N.A,N.A
1617301223,N.A,N.A
1617301253,N.A,N.A
1617301283,75.81,29.92
1617301313,75.88,29.93
                       1617302352,76.14,29.91
1617302382,76.14,29.9
1617302412,76.14,29.9
1617302442,76.14,29.9
1617302472,76.14,29.9
1617302502,76.14,29.9
1617302532,76.14,29.9
1617302562,76.14,29.9
1617302592,76.14,29.88
1617302622,76.14,29.885
1617302652,76.14,29.87
1617302682,76.14,29.88
1617302712,76.14,29.86
1617302742,76.14,29.88
1617302772,76.14,29.87
1617302802,N.A,N.A
1617302832,N.A,N.A
1617302862,N.A,N.A
1617302893,N.A,N.A
1617302922,N.A,N.A
1617302952,N.A,N.A
1617302982,N.A,N.A
1617303012,N.A,N.A
1617303042,0,-5555
1617303072,N.A,N.A
1617303102,76.7,29.83
1617303132,N.A,N.A
1617303162,N.A,N.A
1617303192,N.A,N.A
1617303222,N.A,N.A
1617303252,N.A,N.A
1617303282,N.A,N.A
1617303312,N.A,N.A
1617303342,N.A,N.A
1617303372,N.A,N.A
1617303402,N.A,N.A
1617303432,N.A,N.A
1617303462,N.A,N.A
1617311206,77.5,29.65
1617311236,77.5,29.65
1617311266,77.5,29.64
1617311296,77.5,29.66
1617311326,77.5,29.65
1617311356,77.5,29.64
1617311386,N.A,N.A
1617311416,N.A,N.A
1617311446,0,-5555
1617311476,N.A,N.A
1617311506,N.A,N.A
1617311536,N.A,N.A
1617311566,N.A,N.A
1617311596,N.A,N.A
1617311626,N.A,N.A
1617311656,N.A,N.A
1617311686,N.A,N.A
1617311716,N.A,N.A
1617311747,N.A,N.A
1617311776,N.A,N.A
1617311806,N.A,N.A
1617311836,N.A,N.A
1617311866,N.A,N.A
1617311896,N.A,N.A
1617311926,N.A,N.A
1617311956,N.A,N.A
1617311986,N.A,N.A
1617312016,N.A,N.A
1617312047,N.A,N.A
1617312076,N.A,N.A
1617312106,N.A,N.A
1617312136,N.A,N.A
1617312166,N.A,N.A
1617312196,N.A,N.A
1617312226,N.A,N.A
1617312256,N.A,N.A
1617312286,N.A,N.A
1617312316,N.A,N.A
1617312348,N.A,N.A
1617312376,N.A,N.A
1617312406,N.A,N.A
1617312436,N.A,N.A
1617312466,N.A,N.A
1617312496,N.A,N.A
1617312526,N.A,N.A
1617312556,N.A,N.A
1617312586,N.A,N.A
1617312616,N.A,N.A
1617312647,N.A,N.A
1617312676,N.A,N.A
1617312706,N.A,N.A
1617312736,N.A,N.A
1617312766,N.A,N.A
1617312796,N.A,N.A
1617312826,N.A,N.A
1617312856,N.A,N.A
1617312886,N.A,N.A
1617312916,N.A,N.A
1617312948,N.A,N.A
1617312976,N.A,N.A
1617313006,N.A,N.A
1617313036,N.A,N.A
1617313066,N.A,N.A
1617313096,N.A,N.A
1617313126,N.A,N.A
1617313156,N.A,N.A
1617313186,N.A,N.A
1617313216,N.A,N.A
1617313247,N.A,N.A
1617313276,N.A,N.A
1617313306,N.A,N.A
1617313336,N.A,N.A
1617313366,N.A,N.A
1617313396,N.A,N.A
1617313426,N.A,N.A
1617313456,N.A,N.A
1617313486,N.A,N.A
1617313516,N.A,N.A
1617313547,N.A,N.A
1617313576,N.A,N.A
1617313606,N.A,N.A
1617313636,N.A,N.A
1617313666,N.A,N.A
1617313696,N.A,N.A
1617313726,N.A,N.A
1617313756,N.A,N.A
1617313786,N.A,N.A
1617313816,N.A,N.A
1617313847,N.A,N.A
1617313876,N.A,N.A
1617313906,N.A,N.A
1617313936,N.A,N.A
1617313966,N.A,N.A
1617313996,N.A,N.A
1617314026,N.A,N.A
1617314056,N.A,N.A
1617314086,N.A,N.A
1617314116,N.A,N.A
1617314148,N.A,N.A
1617314176,N.A,N.A
1617314206,N.A,N.A
1617314236,N.A,N.A
1617314266,N.A,N.A
1617314296,N.A,N.A
1617314326,N.A,N.A
1617314356,N.A,N.A
1617314386,N.A,N.A
1617314416,N.A,N.A
1617314447,N.A,N.A
1617314476,N.A,N.A
1617314506,N.A,N.A
1617314536,N.A,N.A
1617314566,N.A,N.A
1617314596,N.A,N.A
1617314626,N.A,N.A
1617314656,N.A,N.A
1617314686,N.A,N.A
1617314716,N.A,N.A
1617314747,N.A,N.A
1617314776,N.A,N.A
1617314806,N.A,N.A
1617314836,N.A,N.A
1617314866,N.A,N.A
1617314896,N.A,N.A
1617314926,N.A,N.A
1617314956,N.A,N.A
1617314986,N.A,N.A
1617315016,N.A,N.A
1617315047,N.A,N.A
1617315076,N.A,N.A
1617315106,N.A,N.A
1617315136,N.A,N.A
1617315166,N.A,N.A
1617315196,N.A,N.A
1617315226,N.A,N.A
1617315256,N.A,N.A
1617315286,N.A,N.A
1617315316,N.A,N.A
1617315347,N.A,N.A
1617315376,N.A,N.A
1617315406,N.A,N.A
1617315436,N.A,N.A
1617315466,N.A,N.A
1617315496,N.A,N.A
1617315526,N.A,N.A
1617315556,N.A,N.A
1617315586,N.A,N.A
1617315616,N.A,N.A
1617315647,N.A,N.A
1617315676,N.A,N.A
1617315706,N.A,N.A
1617315736,N.A,N.A
1617315766,N.A,N.A
1617315796,N.A,N.A
1617315826,N.A,N.A
1617315856,N.A,N.A
1617315886,N.A,N.A
1617315916,N.A,N.A
1617315947,N.A,N.A
1617315976,N.A,N.A
1617316006,N.A,N.A
1617316036,N.A,N.A
1617316066,N.A,N.A
1617316096,N.A,N.A
1617316126,N.A,N.A
1617316156,N.A,N.A
1617316186,N.A,N.A
1617316216,N.A,N.A
1617316248,N.A,N.A
1617316276,N.A,N.A
1617316306,N.A,N.A
1617316336,N.A,N.A
1617316366,N.A,N.A
1617316396,N.A,N.A
1617316426,N.A,N.A
1617316456,N.A,N.A
1617316486,N.A,N.A
1617316516,N.A,N.A
1617316547,N.A,N.A
1617316576,N.A,N.A
1617316606,N.A,N.A
1617316636,N.A,N.A
1617316666,N.A,N.A
1617316696,N.A,N.A
1617316726,N.A,N.A
1617316756,N.A,N.A
1617316786,N.A,N.A
1617316816,N.A,N.A
1617316847,N.A,N.A
1617316876,N.A,N.A
1617316906,N.A,N.A
1617316936,N.A,N.A
1617316966,0,-5555
1617316996,N.A,N.A
1617317026,N.A,N.A
1617317056,N.A,N.A
1617317086,N.A,N.A
1617317116,N.A,N.A
1617317147,N.A,N.A
1617317176,N.A,N.A
1617317206,N.A,N.A
1617317236,N.A,N.A
1617317266,N.A,N.A
1617317296,N.A,N.A
1617317326,N.A,N.A
1617317356,N.A,N.A
1617317386,N.A,N.A
1617317416,N.A,N.A
1617317446,N.A,N.A
1617317476,N.A,N.A
1617317506,N.A,N.A
1617317536,N.A,N.A
1617317566,N.A,N.A
1617317596,N.A,N.A
1617317626,N.A,N.A
1617317656,N.A,N.A
1617317686,N.A,N.A
1617317716,N.A,N.A
1617321542,78.82,29.57
1617321572,78.82,29.58
1617321602,78.82,29.575
1617321632,78.82,29.58
1617321662,78.82,29.59
1617321692,78.82,29.58
1617321722,78.82,29.56
1617321752,78.82,29.59
1617321782,78.82,29.58
1617321812,78.82,29.58
1617321842,78.82,29.59
1617321872,78.82,29.59
1617321902,78.82,29.58
1617321932,78.82,29.59
1617321962,78.82,29.59
1617321992,78.82,29.59
1617322022,78.82,29.595
1617322052,78.82,29.59
1617322082,78.82,29.6
1617322112,78.82,29.59
1617322142,78.82,29.6
1617322172,78.82,29.58
1617322202,78.82,29.595
1617322232,78.82,29.6
1617322262,78.82,29.61
1617322292,N.A,N.A
1617322322,78.83,29.61
1617322352,78.83,29.61
1617322382,78.83,29.61
1617322412,78.83,29.62
1617322442,78.83,29.61
1617322472,78.83,29.61
1617322502,N.A,N.A
1617322532,78.78,29.62
1617322562,78.78,29.62
1617322592,78.78,29.61
1617322622,78.78,29.63
1617322652,78.78,29.62
1617322682,78.78,29.62
1617322712,78.78,29.62
1617322742,78.78,29.635
1617322772,78.78,29.64
1617322802,78.78,29.64
1617322832,78.78,29.64
1617322862,78.78,29.64
1617322892,78.78,29.64
1617322922,78.78,29.65
1617322952,78.78,29.645
1617322982,78.78,29.65
1617323012,78.78,29.64
1617323042,78.78,29.65
1617323072,78.78,29.63
1617323102,78.78,29.64
1617323132,78.68,29.65
1617323162,78.68,29.66
1617323192,N.A,N.A
1617323222,78.68,29.67
1617323252,78.68,29.66
1617323282,78.68,29.665
1617323312,78.68,29.67
1617323342,78.68,29.67
1617323372,78.68,29.68
1617323402,78.68,29.68
1617323432,78.68,29.68
1617323462,78.68,29.67
1617323492,78.68,29.68
1617323522,78.68,29.68
1617323552,78.68,29.7
1617323582,78.68,29.68
1617323612,78.68,29.68
1617323642,78.68,29.7
1617323672,78.68,29.695
1617323702,78.68,29.71
1617323732,78.68,29.71
1617323762,78.68,29.7
1617323792,78.68,29.71
1617323822,78.68,29.71
1617323852,78.68,29.715
1617323882,78.68,29.72
1617323912,78.68,29.72
1617323942,78.68,29.71
1617323972,78.68,29.72
1617324002,78.68,29.72
1617324032,78.68,29.72
1617324062,78.68,29.725
1617324092,78.68,29.72
1617324122,78.68,29.73
1617324152,78.68,29.73
1617324182,78.68,29.73
1617324212,78.68,29.73
1617324242,78.68,29.73
1617324272,78.68,29.73
1617324302,78.68,29.72
1617324332,78.68,29.73
1617324362,78.68,29.74
1617324392,78.68,29.72
1617324422,78.68,29.73
1617324452,78.68,29.73
1617324482,78.68,29.74
1617324512,78.68,29.74
1617324542,78.68,29.72
1617324572,78.68,29.73
1617324602,78.68,29.73
1617324632,78.68,29.73
1617324662,78.68,29.73
1617324692,78.68,29.73
1617324722,78.68,29.72
1617324752,78.68,29.72
1617324782,78.68,29.73
1617324812,78.68,29.73
1617324842,78.68,29.725
1617324872,78.68,29.72
1617324902,78.68,29.71
1617324932,78.68,29.72
1617324962,78.68,29.72
1617324992,78.68,29.73
1617325022,78.68,29.71
1617325052,78.68,29.715
1617325082,78.68,29.71
1617325112,78.68,29.72
1617325142,78.68,29.71
1617325172,78.68,29.7
1617325202,78.68,29.71
1617325232,78.68,29.71
1617325262,78.68,29.7
1617325292,78.68,29.71
1617325322,78.68,29.71
1617325352,78.68,29.71
1617325382,78.68,29.7
1617325412,78.68,29.68
1617325442,78.68,29.7
1617325472,78.68,29.7
1617325502,78.68,29.7
1617325532,78.68,29.71
1617325562,78.68,29.7
1617325592,78.68,29.71
1617325622,78.68,29.705
1617325652,78.68,29.7
1617325682,78.68,29.68
1617325712,78.68,29.7
1617325742,78.68,29.7
1617325772,78.68,29.7
1617325802,78.68,29.7
1617325832,78.68,29.7
1617325862,78.68,29.7
1617325892,78.68,29.7
1617325922,78.68,29.71
1617325952,78.68,29.71
1617325982,78.68,29.68
1617326012,78.68,29.69
1617326042,78.68,29.7
1617326072,78.68,29.71
1617326102,78.68,29.68
1617326132,78.68,29.68
1617326162,78.68,29.7
1617326192,78.68,29.7
1617326222,78.68,29.7
1617326252,78.68,29.7
1617326282,78.68,29.7
1617326312,78.68,29.7
1617326342,78.68,29.7
1617326372,78.68,29.7
1617326402,78.68,29.68
1617326432,78.68,29.7
1617326462,78.68,29.7
1617326492,78.68,29.7
1617326522,78.68,29.68
1617326552,78.68,29.68
1617326582,78.68,29.7
1617326612,78.68,29.69
1617326642,N.A,N.A
1617326672,77.01,29.7
1617326702,77.01,29.71
1617326732,77.25,29.71
1617326762,77.25,29.7
1617326792,77.25,29.71
1617326822,N.A,N.A
1617326852,77.4,29.71
1617326882,77.4,29.69
1617326912,77.4,29.7
1617326942,77.4,29.71
1617326972,77.4,29.71
1617327002,77.4,29.7
1617327032,77.4,29.7
1617327062,77.22,29.7
1617327092,77.22,29.7
1617327122,77.22,29.71
1617327152,77.22,29.71
1617327182,77.22,29.7
1617327212,77.22,29.71
1617327242,77.22,29.71
1617327272,77.22,29.71
1617327302,77.22,29.71
1617327332,77.22,29.71
1617327362,77.22,29.7
1617327392,77.22,29.71
1617327422,77.22,29.71
1617327452,77.22,29.71
1617327482,77.22,29.71
1617327512,77.22,29.7
1617327542,77.22,29.71
1617327572,77.22,29.71
1617327602,77.22,29.7
1617327632,77.22,29.705
1617327662,77.22,29.7
1617327692,77.22,29.71
1617327722,77.22,29.7
1617327752,77.22,29.71
1617327782,77.22,29.71
1617327812,77.22,29.7
1617327842,76.99,29.68
1617327872,76.99,29.7
1617327902,76.99,29.7
1617327932,76.99,29.7
1617327962,76.99,29.68
1617327992,76.91,29.7
1617328022,76.91,29.68
1617328052,76.91,29.72
1617328082,76.91,29.71
1617328112,76.91,29.7
1617328142,76.91,29.705
1617328172,71.95,29.67
1617328202,69.28,29.66
1617328232,67.13,29.65
1617328262,67.13,29.64
1617328292,67.13,29.63
1617328322,67.13,29.63
1617328352,67.13,29.605
1617328382,67.13,29.61
1617328412,67.13,29.6
1617328442,67.13,29.59
1617328472,67.13,29.59
1617328502,69.47,29.59
1617328532,69.47,29.575
1617328562,69.47,29.56
1617328592,71.52,29.56
1617328622,71.52,29.56
1617328652,71.52,29.56
1617328682,N.A,N.A
1617328712,72.34,29.53
1617328742,72.34,29.53
1617328772,72.34,29.52
1617328802,72.34,29.51
1617328832,72.34,29.51
1617328862,72.34,29.5
1617328892,72.34,29.5
1617328922,72.34,29.49
1617328952,72.34,29.5
1617328982,72.34,29.49
1617329012,72.34,29.49
1617329042,72.34,29.49
1617329072,72.34,29.48
1617329102,72.34,29.47
1617329132,73.47,29.48
1617329162,73.47,29.46
1617329192,73.47,29.47
1617329222,73.47,29.47
1617329252,73.47,29.455
1617329282,73.47,29.44
1617329312,73.47,29.44
1617329342,73.47,29.46
1617329372,73.47,29.45
1617329402,73.47,29.44
1617329432,73.47,29.44
1617329462,0,29.44
1617329492,73.84,29.44
1617329522,73.84,29.43
1617329552,73.84,29.44
1617329582,73.84,29.43
1617329612,73.84,29.45
1617329642,73.84,29.43
1617329672,73.84,29.44
1617329702,73.84,29.42
1617329732,73.84,29.43
1617329762,73.84,29.44
1617329792,73.84,29.42
1617329822,73.84,29.425
1617329852,73.84,29.43
1617329882,N.A,N.A
1617329912,74.5,29.44
1617329942,74.5,29.44
1617329972,74.5,29.42
1617330002,74.5,29.43
1617330032,74.5,29.43
1617330062,74.5,29.43
1617330092,74.5,29.41
1617330122,74.5,29.42
1617330152,74.5,29.43
1617330182,74.5,29.43
1617330212,74.5,29.42
1617330242,74.5,29.43
1617330272,74.5,29.43
1617330302,74.5,29.43
1617330332,74.5,29.42
1617330362,74.5,29.43
1617330392,74.5,29.43
1617330422,74.5,29.42
1617330452,74.5,29.42
1617330482,74.5,29.43
1617330512,74.5,29.43
1617330542,74.5,29.43
1617330572,74.5,29.43
1617330602,74.5,29.42
1617330632,74.5,29.41
1617330662,74.5,29.41
1617330692,74.5,29.43
1617330722,74.5,29.43
1617330752,74.5,29.43
1617330782,74.5,29.415
1617330812,74.5,29.43
1617330842,74.5,29.43
1617330872,74.5,29.43
1617330902,74.5,29.43
1617330932,74.5,29.42
1617330962,74.5,29.42
1617330992,74.5,29.425
1617331022,74.5,29.43
1617331052,74.5,29.44
1617331082,74.5,29.44
1617331112,74.5,29.43
1617331142,74.5,29.42
1617331172,74.5,29.435
1617331202,74.5,29.43
1617331232,74.5,29.43
1617331262,74.5,29.44
1617331292,74.5,29.44
1617331322,74.5,29.43
1617331352,74.5,29.43
1617331382,74.5,29.44
1617331412,74.5,29.43
1617331442,N.A,N.A
1617331472,N.A,N.A
1617331502,N.A,N.A
1617331532,N.A,N.A
1617331562,N.A,N.A
1617331592,N.A,N.A
1617331622,N.A,N.A
1617331652,N.A,N.A
1617331683,N.A,N.A
1617331712,N.A,N.A
1617331742,74.11,29.46
1617331772,74.11,29.45
1617331802,74.11,29.46
1617331832,74.11,29.46
1617331862,74.11,29.47
1617331892,74.11,29.46
1617331922,74.11,29.48
1617331952,74.11,29.47
1617331982,74.11,29.475
1617332012,74.11,29.48
1617332042,74.11,29.47
1617332072,74.11,29.47
1617332102,74.11,29.48
1617332132,74.11,29.49
1617332162,74.11,29.48
1617332192,74.11,29.49
1617332222,74.11,29.49
1617332252,74.11,29.5
1617332282,N.A,N.A
1617332312,74,29.51
1617332342,74,29.515
1617332372,74,29.52
1617332402,74,29.49
1617332432,74,29.52
1617332462,74,29.51
1617332492,74,29.52
1617332522,74,29.525
1617332552,74,29.52
1617332582,74,29.51
1617332612,74,29.52
1617332642,74,29.53
1617332672,74,29.52
1617332702,74,29.53
1617332732,74,29.52
1617332762,74,29.52
1617332792,74,29.53
1617332822,74,29.54
1617332852,74,29.53
1617332882,74,29.53
1617332912,74,29.55
1617332942,74,29.56
1617332972,74,29.56
1617333002,74,29.54
1617333032,74,29.57
1617333062,74,29.58
1617333092,74,29.57
1617333122,74,29.575
1617333152,74,29.58
1617333182,74,29.57
1617333212,74,29.58
1617333242,74,29.59
1617333272,74,29.59
1617333302,74,29.59
1617333332,74,29.59
1617333362,74,29.59
1617333392,74,29.59
1617333422,74,29.59
1617333452,74,29.59
1617333482,74,29.59
1617333512,74,29.59
1617333542,74,29.6
1617333572,74,29.6
1617333602,74,29.6
1617333632,74,29.6
1617333662,74,29.59
1617333692,74,29.59
1617333722,74,29.595
1617333752,74,29.59
1617333782,74,29.6
1617333812,74,29.6
1617333842,74,29.6
1617333872,74,29.6
1617333902,73.405,29.61
1617333932,72.81,29.61
1617333962,72.81,29.6
1617333992,72.81,29.61
1617334022,72.81,29.61
1617334052,72.81,29.61
1617334082,72.81,29.61
1617334112,72.81,29.615
1617334142,72.81,29.62
1617334172,72.81,29.61
1617334202,72.81,29.62
1617334232,72.81,29.62
1617334262,72.81,29.62
1617334292,72.81,29.63
1617334322,72.81,29.63
1617334352,72.81,29.64
1617334382,72.81,29.63
1617334412,72.81,29.63
1617334442,72.81,29.63
1617334472,72.81,29.64
1617334502,72.81,29.635
1617334532,72.81,29.64
1617334562,72.81,29.64
1617334592,72.81,29.64
1617334622,72.81,29.65
1617334652,72.81,29.64
1617334682,72.81,29.65
1617334712,72.81,29.64
1617334742,72.81,29.65
1617334772,72.81,29.66
1617334802,72.81,29.65
1617334832,72.81,29.66
1617334862,72.81,29.65
1617334892,72.81,29.66
1617334922,72.81,29.66
1617334952,72.81,29.66
1617334982,72.81,29.66
1617335012,72.81,29.67
1617335042,72.81,29.67
1617335072,72.81,29.675
1617335102,72.81,29.67
1617335132,72.81,29.68
1617335162,72.81,29.68
1617335192,72.81,29.7
1617335222,72.81,29.68
1617335252,72.81,29.68
1617335282,72.81,29.68
1617335312,72.81,29.7
1617335342,72.81,29.68
1617335372,72.81,29.68
1617335402,72.81,29.7
1617335432,72.81,29.7
1617335462,72.81,29.7
1617335492,72.81,29.7
1617335522,72.81,29.7
1617335552,72.81,29.7
1617335582,72.81,29.7
1617335612,72.81,29.7
1617335642,72.81,29.71
1617335672,72.81,29.71
1617335702,72.81,29.71
1617335732,72.81,29.7
1617335762,72.81,29.72
1617335792,72.81,29.71
1617335822,72.81,29.71
1617335852,72.81,29.7
1617335882,72.81,29.7
1617335912,72.81,29.7
1617335942,72.81,29.7
1617335972,72.81,29.71
1617336002,N.A,N.A
1617336032,72.02,29.71
1617336062,72.02,29.71
1617336092,72.02,29.7
1617336122,72.02,29.7
1617336152,72.02,29.71
1617336182,72.02,29.7
1617336212,72.02,29.71
1617336242,72.02,29.7
1617336272,72.02,29.71
1617336302,72.02,29.7
1617336332,72.02,29.7
1617336362,72.02,29.71
1617336392,72.02,29.7
1617336422,72.02,29.72
1617336452,72.02,29.7
1617336482,72.02,29.71
1617336512,72.02,29.72
1617336542,72.02,29.71
1617336572,72.02,29.71
1617336602,72.02,29.72
1617336632,72.02,29.71
1617336662,72.02,29.7
1617336692,72.02,29.71
1617336722,72.02,29.71
1617336752,72.02,29.71
1617336782,72.02,29.71
1617336812,72.02,29.71
1617336842,72.02,29.71
1617336872,72.02,29.72
1617336902,72.02,29.7
1617336932,72.02,29.71
1617336962,72.02,29.71
1617336992,72.02,29.71
1617337022,72.02,29.705
1617337052,72.02,29.72
1617337082,72.02,29.71
1617337112,72.02,29.7
1617337142,72.02,29.71
1617337172,72.02,29.71
1617337202,72.02,29.71
1617337232,72.02,29.71
1617337262,72.02,29.72
1617337292,72.02,29.71
1617337322,72.02,29.71
1617337352,72.02,29.72
1617337382,72.02,29.71
1617337412,72.02,29.7
1617337442,72.02,29.71
1617337472,72.02,29.71
1617337502,72.02,29.71
1617337532,72.02,29.72
1617337562,72.02,29.7
1617337592,72.02,29.72
1617337622,72.02,29.715
1617337652,72.02,29.72
1617337682,72.02,29.72
1617337712,72.02,29.72
1617337742,72.02,29.71
1617337772,72.02,29.71
1617337802,72.02,29.72
1617337832,72.02,29.72
1617337862,72.02,29.72
1617337892,72.02,29.72
1617337922,72.02,29.74
1617337952,72.02,29.72
1617337982,71.03,29.73
1617338012,71.03,29.72
1617338042,71.03,29.73
1617338072,71.03,29.73
1617338102,71.03,29.72
1617338132,71.03,29.73
1617338162,71.03,29.73
1617338192,71.03,29.725
1617338222,71.03,29.73
1617338252,71.03,29.73
1617338282,N.A,N.A
1617338312,71.11,29.72
1617338342,71.11,29.73
1617338372,71.11,29.725
1617338402,71.11,29.73
1617338432,71.01,29.74
1617338462,71.01,29.73
1617338492,71.01,29.74
1617338522,71.01,29.73
1617338552,71.01,29.74
1617338582,71.01,29.75
1617338612,71.01,29.75
1617338642,71.01,29.75
1617338672,71.01,29.75
1617338702,71.01,29.75
1617338732,71.01,29.74
1617338762,71.01,29.75
1617338792,71.01,29.75
1617338822,71.01,29.75
1617338852,71.01,29.75
1617338882,71.01,29.76
1617338912,71.01,29.75
1617338942,71.01,29.75
1617338972,71.01,29.75
1617339002,71.01,29.76
1617339032,71.01,29.76
1617339062,71.01,29.76
1617339092,71.01,29.76
1617339122,71.01,29.77
1617339152,71.01,29.765
1617339182,71.01,29.76
1617339212,71.01,29.76
1617339242,71.01,29.77
1617339272,71.01,29.77
1617339302,71.01,29.77
1617339332,71.01,29.78
1617339362,71.01,29.77
1617339392,71.01,29.79
1617339422,71.01,29.78
1617339452,71.01,29.79
1617339482,71.01,29.78
1617339512,71.01,29.79
1617339542,71.01,29.79
1617339572,N.A,N.A
1617339602,N.A,N.A
1617339632,0,-5555
1617339662,N.A,N.A
1617339692,N.A,N.A
1617339722,N.A,N.A
1617339752,N.A,N.A
1617339784,N.A,N.A
1617339812,N.A,N.A
1617339842,69.23,29.8
1617339872,69.23,29.79
1617339902,69.23,29.8
1617339932,69.23,29.81
1617339962,69.23,29.79
1617339992,69.23,29.81
1617340022,69.23,29.8
1617340052,69.23,29.8
1617340082,69.23,29.8
1617340112,69.23,29.81
1617340142,69.23,29.81
1617340172,69.23,29.81
1617340202,69.23,29.81
1617340232,69.23,29.82
1617340262,69.23,29.81
1617340292,69.23,29.82
1617340322,69.23,29.82
1617340352,69.23,29.83
1617340382,69.23,29.82
1617340412,69.23,29.83
1617340442,69.23,29.82
1617340472,69.23,29.82
1617340502,69.23,29.82
1617340532,69.23,29.82
1617340562,69.23,29.83
1617340592,69.23,29.85
1617340622,69.23,29.83
1617340652,69.23,29.82
1617340682,69.23,29.84
1617340712,69.23,29.85
1617340742,69.23,29.83
1617340772,69.23,29.85
1617340802,69.23,29.83
1617340832,69.23,29.83
1617340862,69.23,29.84
1617340892,69.23,29.83
1617340922,69.23,29.85
1617340952,69.23,29.85
1617340982,69.23,29.85
1617341012,69.23,29.85
1617341042,69.23,29.86
1617341072,69.23,29.84
1617341102,69.23,29.83
1617341132,69.23,29.85
1617341162,69.23,29.85
1617341192,69.23,29.85
1617341222,69.23,29.87
1617341252,69.23,29.855
1617341282,69.23,29.85
1617341312,69.23,29.85
1617341342,69.23,29.87
1617341372,69.23,29.85
1617341402,69.23,29.85
1617341432,69.23,29.86
1617341462,69.23,29.86
1617341492,69.23,29.86
1617341522,69.23,29.87
1617341552,69.23,29.87
1617341582,69.23,29.86
1617341612,69.23,29.86
1617341642,69.23,29.87
1617341672,69.23,29.86
1617341702,69.23,29.87
1617341732,69.23,29.86
1617341762,69.23,29.87
1617341792,69.23,29.87
1617341822,69.23,29.87
1617341852,69.23,29.88
1617341882,34.615,29.885
1617341912,68.94,29.87
1617341942,68.94,29.88
1617341972,68.94,29.87
1617342002,68.94,29.87
1617342032,68.94,29.89
1617342062,68.94,29.87
1617342092,68.94,29.885
1617342122,68.94,29.88
1617342152,68.94,29.89
1617342182,68.94,29.88
1617342212,68.94,29.88
1617342242,68.94,29.88
1617342272,68.94,29.885
1617342302,68.94,29.88
1617342332,68.94,29.88
1617342362,68.94,29.87
1617342392,68.94,29.88
1617342422,68.94,29.87
1617342452,68.94,29.88
1617342482,68.94,29.875
1617342512,68.94,29.87
1617342542,68.94,29.88
1617342572,68.94,29.88
1617342602,68.94,29.88
1617342632,68.94,29.88
1617342662,68.94,29.89
1617342692,68.94,29.88
1617342722,68.94,29.88
1617342752,N.A,N.A
1617342782,68.49,29.88
1617342812,68.49,29.88
1617342842,68.49,29.88
1617342872,68.49,29.88
1617342902,68.49,29.89
1617342932,68.49,29.89
1617342962,68.49,29.9
1617342992,68.49,29.9
1617343022,68.49,29.905
1617343052,68.49,29.9
1617343082,68.49,29.89
1617343112,68.49,29.9
1617343142,68.49,29.91
1617343172,N.A,N.A
1617343202,68.34,29.91
1617343232,68.34,29.9
1617343262,68.34,29.92
1617343292,68.34,29.91
1617343322,68.34,29.92
1617343352,68.34,29.91
1617343382,68.34,29.91
1617343412,68.34,29.92
1617343442,68.34,29.92
1617343472,68.34,29.91
1617343502,68.34,29.91
1617343532,68.34,29.91
1617343562,68.34,29.91
1617343592,68.34,29.92
1617343622,68.34,29.92
1617343652,68.34,29.91
1617343682,68.34,29.92
1617343712,68.34,29.91
1617343742,68.34,29.92
1617343772,68.34,29.92
1617343802,68.34,29.92
1617343832,68.34,29.92
1617343862,68.34,29.92
1617343892,68.34,29.93
1617343922,68.34,29.93
1617343952,68.34,29.94
1617343982,68.34,29.93
1617344012,68.34,29.93
1617344042,68.34,29.94
1617344072,68.34,29.93
1617344102,68.34,29.93
1617344132,68.34,29.94
1617344162,68.34,29.935
1617344192,68.34,29.95
1617344222,68.34,29.94
1617344252,68.34,29.94
1617344282,N.A,N.A
1617344312,67.51,29.94
1617344342,67.51,29.94
1617344372,67.51,29.94
1617344402,67.51,29.95
1617344432,67.51,29.94
1617344462,67.51,29.95
1617344492,67.51,29.95
1617344522,67.51,29.955
1617344552,67.28,29.95
1617344582,N.A,N.A
1617344612,67.39,29.95
1617344642,67.39,29.97
1617344672,67.39,29.96
1617344702,67.39,29.96
1617344732,67.39,29.96
1617344762,67.39,29.96
1617344792,67.39,29.96
1617344822,67.39,29.97
1617344852,67.39,29.97
1617344882,67.39,29.965
1617344912,67.39,29.96
1617344942,0,29.97
1617344972,67.18,29.97
1617345002,67.18,29.98
1617345032,67.28,29.98
1617345062,67.28,29.98
1617345092,67.28,30
1617345122,67.28,30
1617345152,67.28,30.01
1617345182,67.28,30.01
1617345212,67.28,30.005
1617345242,67.28,30
1617345272,67.28,30.02
1617345302,67.28,30.01
1617345332,67.28,30.01
1617345362,67.28,30.02
1617345392,67.28,30.02
1617345422,67.28,30.005
1617345452,67.28,30.01
1617345482,67.28,30.03
1617345512,67.28,30.02
1617345542,67.28,30.02
1617345572,67.28,30.02
1617345602,N.A,N.A
1617345632,N.A,N.A
1617345662,N.A,N.A
1617345692,N.A,N.A
1617345722,N.A,N.A
1617345752,N.A,N.A
1617345783,N.A,N.A
1617345812,N.A,N.A
1617345842,67.06,30.02
1617345872,67.06,30.03
1617345902,67.06,30.02
1617345932,67.06,30.02
1617345962,67.06,30.03
1617345992,67.06,30.03
1617346022,67.06,30.03
1617346052,67.06,30.03
1617346082,67.06,30.025
1617346112,67.06,30.02
1617346142,67.06,30.03
1617346172,67.06,30.02
1617346202,67.06,30.02
1617346232,67.06,30.02
1617346262,67.06,30.03
1617346292,67.06,30.025
1617346322,67.06,30.03
1617346352,67.06,30.02
1617346382,67.06,30.03
1617346412,67.06,30.02
1617346442,67.06,30.01
1617346472,67.06,30.015
1617346502,67.06,30.02
1617346532,67.06,30.02
1617346562,67.06,30.02
1617346592,67.06,30.02
1617346622,67.06,30.02
1617346652,67.06,30.03
1617346682,67.06,30.03
1617346712,67.06,30.02
1617346742,67.06,30.01
1617346772,67.06,30.01
1617346802,67.06,30.02
1617346832,67.06,30.01
1617346862,67.06,30.015
1617346892,67.06,30.01
1617346922,67.06,30.03
1617346952,67.06,30.02
1617346982,67.06,30.02
1617347012,67.06,30.02
1617347042,67.07,30.02
1617347072,67.07,30.02
1617347102,67.07,30.03
1617347132,67.07,30.01
1617347162,67.07,30.03
1617347192,67.07,30.03
1617347222,67.07,30.02
1617347252,67.07,30.02
1617347282,67.07,30.03
1617347312,67.07,30.02
1617347342,67.07,30.02
1617347372,67.07,30.03
1617347402,67.07,30.03
1617347432,67.07,30.02
1617347462,67.07,30.03
1617347492,67.07,30.02
1617347522,67.07,30.04
1617347552,67.07,30.04
1617347582,67.07,30.03
1617347612,67.07,30.03
1617347642,67.07,30.04
1617347672,67.07,30.03
1617347702,67.07,30.03
1617347732,67.07,30.04
1617347762,67.07,30.04
1617347792,67.07,30.05
1617347822,67.07,30.045
1617347852,67.07,30.05
1617347882,67.07,30.06
1617347912,67.07,30.05
1617347942,67.07,30.05
1617347972,67.07,30.05
1617348002,67.07,30.05
1617348032,67.07,30.05
1617348062,67.07,30.04
1617348092,67.07,30.05
1617348122,67.07,30.04
1617348152,67.07,30.05
1617348182,67.07,30.06
1617348212,67.07,30.06
1617348242,67.07,30.07
1617348272,67.07,30.06
1617348302,67.07,30.07
1617348332,67.07,30.06
1617348362,67.07,30.07
1617348392,67.07,30.06
1617348422,67.07,30.065
1617348452,67.07,30.08
1617348482,67.07,30.07
1617348512,67.07,30.08
1617348542,67.07,30.07
1617348572,67.07,30.07
1617348602,67.07,30.07
1617348632,67.07,30.07
1617348662,N.A,N.A
1617348692,0,-5555
1617348722,N.A,N.A
1617348752,N.A,N.A
1617348783,N.A,N.A
1617348812,N.A,N.A
1617348842,66.12,30.08
1617348872,66.12,30.08
1617348902,66.12,30.08
1617348932,66.12,30.08
1617348962,66.12,30.08
1617348992,66.12,30.08
1617349022,66.12,30.08
1617349052,66.12,30.07
1617349082,66.12,30.08
1617349112,66.12,30.08
1617349142,66.12,30.08
1617349172,66.12,30.08
1617349202,66.12,30.07
1617349232,66.12,30.08
1617349262,66.12,30.08
1617349292,66.12,30.09
1617349322,66.12,30.09
1617349352,66.12,30.09
1617349382,66.12,30.1
1617349412,66.12,30.09
1617349442,66.12,30.1
1617349472,66.12,30.1
1617349502,N.A,N.A
1617349532,N.A,N.A
1617349562,N.A,N.A
1617349592,N.A,N.A
1617349622,N.A,N.A
1617349652,N.A,N.A
1617349683,N.A,N.A
1617349712,N.A,N.A
1617349742,66.04,30.11
1617349772,66.04,30.09
1617349802,66.04,30.105
1617349832,66.04,30.11
1617349862,66.04,30.11
1617349892,66.04,30.11
1617349922,66.04,30.11
1617349952,66.04,30.1
1617349982,66.04,30.11
1617350012,66.04,30.1
1617350042,N.A,N.A
1617350072,N.A,N.A
1617350102,N.A,N.A
1617350132,N.A,N.A
1617350162,N.A,N.A
1617350192,N.A,N.A
1617350222,N.A,N.A
1617350252,N.A,N.A
1617350283,N.A,N.A
1617350312,N.A,N.A
1617350342,66,30.11
1617350372,66,30.12
1617350402,66,30.125
1617350432,66,30.13
1617350464,66,30.12
1617350492,66,30.12
1617350522,66,30.15
1617350552,66,30.12
1617350582,66,30.13
1617350612,66,30.14
1617350642,66,30.13
1617350672,66,30.13
1617350702,66,30.15
1617350732,66,30.13
1617350762,66,30.15
1617350792,66,30.145
1617350822,66,30.15
1617350852,66,30.15
1617350882,66,30.15
1617350912,66,30.17
1617350942,66.02,30.16
1617350972,66.02,30.15
1617351002,66.02,30.16
1617351032,66.02,30.16
1617351062,66.02,30.16
1617351092,66.02,30.17
1617351122,66.02,30.17
1617351152,66.02,30.17
1617351182,66.02,30.17
1617351212,66.02,30.18
1617351242,66.02,30.17
1617351272,66.02,30.17
1617351302,66.02,30.17
1617351332,66.02,30.18
1617351362,66.02,30.17
1617351392,66.02,30.19
1617351422,66.02,30.18
1617351452,66.02,30.19
1617351482,66.02,30.19
1617351512,66.02,30.18
1617351542,66.02,30.185
1617351572,66.02,30.19
1617351602,66.02,30.18
1617351632,66.02,30.17
1617351662,66.02,30.19
1617351692,66.02,30.18
1617351722,66.02,30.185
1617351752,66.02,30.19
1617351782,66.02,30.18
1617351812,66.02,30.19
1617351842,66.02,30.19
1617351872,66.02,30.19
1617351902,66.02,30.19
1617351932,66.02,30.195
1617351962,66.02,30.2
1617351992,66.02,30.19
1617352022,66.02,30.2
1617352052,66.02,30.19
1617352082,66.02,30.2
1617352112,66.02,30.195
1617352142,66.02,30.2
1617352172,66.02,30.19
1617352202,66.02,30.2
1617352232,66.02,30.21
1617352262,66.02,30.21
1617352292,66.02,30.21
1617352322,66.02,30.205
1617352352,66.02,30.21
1617352382,66.02,30.21
1617352412,66.02,30.21
1617352442,66.02,30.22
1617352472,66.02,30.22
1617352502,66.02,30.21
1617352532,66.02,30.21
1617352562,66.02,30.21
1617352592,N.A,N.A
1617352622,65.19,30.21
1617352652,65.19,30.21
1617352682,65.19,30.21
1617352712,65.19,30.21
1617352742,65.19,30.21
1617352772,65.19,30.21
1617352802,65.19,30.22
1617352832,65.19,30.21
1617352862,65.19,30.215
1617352892,65.19,30.21
1617352922,65.19,30.21
1617352952,65.19,30.22
1617352982,65.19,30.2
1617353012,65.19,30.21
1617353042,65.19,30.22
1617353072,65.19,30.21
1617353102,65.19,30.22
1617353132,65.19,30.21
1617353162,65.19,30.22
1617353192,65.19,30.22
1617353222,65.19,30.22
1617353252,65.19,30.22
1617353282,65.19,30.23
1617353312,65.19,30.23
1617353342,65.19,30.22
1617353372,65.19,30.23
1617353402,65.19,30.22
1617353432,65.19,30.23
1617353462,65.19,30.22
1617353492,65.19,30.22
1617353522,65.19,30.23
1617353552,65.19,30.23
1617353582,65.19,30.24
1617353612,N.A,N.A
1617353642,N.A,N.A
1617353672,N.A,N.A
1617353702,0,-5555
1617353732,N.A,N.A
1617353762,N.A,N.A
1617353792,N.A,N.A
1617353822,N.A,N.A
1617353852,N.A,N.A
1617353883,N.A,N.A
1617353912,N.A,N.A
1617353942,65.17,30.23
1617353972,65.17,30.25
1617354002,65.17,30.245
1617354032,65.17,30.24
1617354062,65.17,30.25
1617354092,65.17,30.23
1617354122,65.17,30.23
1617354152,65.17,30.25
1617354182,65.17,30.24
1617354212,65.17,30.24
1617354242,65.17,30.23
1617354272,65.17,30.25
1617354302,65.17,30.24
1617354332,65.17,30.24
1617354362,65.17,30.26
1617354392,65.17,30.25
1617354422,65.17,30.25
1617354452,65.17,30.25
1617354482,65.17,30.27
1617354512,65.17,30.25
1617354542,65.17,30.26
1617354572,65.17,30.26
1617354602,65.17,30.26
1617354632,65.17,30.25
1617354662,65.17,30.27
1617354692,65.17,30.26
1617354722,65.17,30.26
1617354752,65.17,30.26
1617354782,N.A,N.A
1617354812,N.A,N.A
1617354842,N.A,N.A
1617354872,N.A,N.A
1617354902,N.A,N.A
1617354932,N.A,N.A
1617354962,N.A,N.A
1617354992,N.A,N.A
1617355022,N.A,N.A
1617355052,N.A,N.A
1617355082,N.A,N.A
1617355112,N.A,N.A
1617355142,N.A,N.A
1617355172,N.A,N.A
1617355202,N.A,N.A
1617355232,N.A,N.A
1617355262,N.A,N.A
1617355292,N.A,N.A
1617355322,N.A,N.A
1617355352,N.A,N.A
1617355382,N.A,N.A
1617355412,N.A,N.A
1617355442,N.A,N.A
1617355472,N.A,N.A
1617355502,N.A,N.A
1617355532,N.A,N.A
1617355562,N.A,N.A
1617355592,N.A,N.A
1617355622,N.A,N.A
1617355652,N.A,N.A
1617355682,N.A,N.A
1617355712,N.A,N.A
1617355742,N.A,N.A
1617355772,N.A,N.A
1617355802,N.A,N.A
1617355832,N.A,N.A
1617355862,N.A,N.A
1617355892,N.A,N.A
1617355922,N.A,N.A
1617355952,N.A,N.A
1617355983,N.A,N.A
1617356012,N.A,N.A
1617356042,64.45,30.27
1617356072,64.45,30.27
1617356102,64.45,30.27
1617356132,64.45,30.27
1617356162,64.45,30.27
1617356192,64.45,30.27
1617356222,64.45,30.28
1617356252,64.45,30.28
1617356282,64.45,30.27
1617356312,64.45,30.27
1617356342,64.45,30.27
1617356372,64.45,30.26
1617356402,64.45,30.28
1617356432,64.45,30.27
1617356462,64.45,30.26
1617356492,64.45,30.265
1617356522,64.45,30.28
1617356552,64.45,30.27
1617356582,64.45,30.27
1617356612,64.45,30.27
1617356642,64.45,30.28
1617356672,64.45,30.27
1617356702,64.45,30.275
1617356732,64.45,30.27
1617356762,64.45,30.27
1617356792,64.45,30.27
1617356822,64.45,30.28
1617356852,64.45,30.27
1617356882,64.45,30.275
1617356912,64.45,30.28
1617356942,64.45,30.27
1617356972,0,30.26
1617357002,64.21,30.27
1617357032,64.21,30.28
1617357062,64.21,30.28
1617357092,64.21,30.275
1617357122,64.21,30.27
1617357152,64.21,30.28
1617357182,64.21,30.28
1617357212,64.21,30.28
1617357242,64.21,30.27
1617357272,64.21,30.28
1617357302,64.21,30.28
1617357332,64.21,30.27
1617357362,64.21,30.28
1617357392,N.A,N.A
1617357422,64.34,30.28
1617357452,64.34,30.28
1617357482,64.34,30.28
1617357512,64.34,30.27
1617357542,64.34,30.28
1617357572,64.34,30.27
1617357602,64.34,30.28
1617357632,64.34,30.28
1617357662,64.34,30.27
1617357692,64.34,30.28
1617357722,64.34,30.27
1617357752,64.34,30.27
1617357782,64.34,30.27
1617357812,64.34,30.27
1617357842,N.A,N.A
1617357872,N.A,N.A
1617357902,N.A,N.A
1617357932,N.A,N.A
1617357962,N.A,N.A
1617357992,N.A,N.A
1617358022,N.A,N.A
1617358052,N.A,N.A
1617358082,N.A,N.A
1617358112,N.A,N.A
1617358142,N.A,N.A
1617358172,N.A,N.A
1617358202,N.A,N.A
1617358232,N.A,N.A
1617358262,N.A,N.A
1617358292,N.A,N.A
1617358322,N.A,N.A
1617358352,N.A,N.A
1617358382,N.A,N.A
1617358412,N.A,N.A
1617358442,N.A,N.A
1617358472,N.A,N.A
1617358502,N.A,N.A
1617358532,N.A,N.A
1617358562,N.A,N.A
1617358592,N.A,N.A
1617358622,N.A,N.A
1617358652,N.A,N.A
1617358682,N.A,N.A
1617358712,N.A,N.A
1617358742,N.A,N.A
1617358772,N.A,N.A
1617358802,N.A,N.A
1617358832,N.A,N.A
1617358862,N.A,N.A
1617358892,N.A,N.A
1617358922,N.A,N.A
1617358952,N.A,N.A
1617358982,N.A,N.A
1617359012,N.A,N.A
1617359042,N.A,N.A
1617359072,N.A,N.A
1617359102,N.A,N.A
1617359132,N.A,N.A
1617359162,N.A,N.A
1617359192,N.A,N.A
1617359222,N.A,N.A
1617359252,N.A,N.A
1617359282,N.A,N.A
1617359312,N.A,N.A
1617359342,N.A,N.A
1617359372,N.A,N.A
1617359402,N.A,N.A
1617359432,N.A,N.A
1617359462,N.A,N.A
1617359492,N.A,N.A
1617359522,N.A,N.A
1617359552,N.A,N.A
1617359583,N.A,N.A
1617359612,N.A,N.A
1617359642,65.97,30.25
1617359672,65.97,30.23
1617359702,65.97,30.245
1617359732,65.97,30.24
1617359762,65.97,30.25
1617359792,65.97,30.24
1617359822,65.97,30.25
1617359852,65.97,30.24
1617359882,65.97,30.25
1617359912,65.97,30.25
1617359942,65.97,30.25
1617359972,68.01,30.25
1617360002,68.01,30.26
1617360032,68.01,30.26
1617360062,68.01,30.25
1617360092,68.01,30.26
1617360122,68.01,30.26
1617360152,68.01,30.26
1617360182,70.05,30.26
1617360212,70.05,30.25
1617360242,70.05,30.27
1617360272,70.05,30.27
1617360302,70.05,30.25
1617360332,70.05,30.26
1617360362,70.05,30.27
1617360392,70.05,30.27
1617360422,70.05,30.26
1617360452,70.05,30.27
1617360482,70.05,30.27
1617360512,70.05,30.27
1617360542,70.05,30.28
1617360572,70.05,30.26
1617360602,70.05,30.27
1617360632,70.05,30.27
1617360662,70.05,30.27
1617360692,72.12,30.26
1617360722,72.12,30.28
1617360752,72.12,30.27
1617360782,72.12,30.28
1617360812,72.12,30.28
1617360842,72.12,30.27
1617360872,72.12,30.27
1617360902,72.12,30.27
1617360932,72.12,30.28
1617360962,72.12,30.28
1617360992,72.12,30.28
1617361022,72.12,30.28
1617361052,72.12,30.27
1617361082,72.12,30.27
1617361112,72.12,30.3
1617361142,72.12,30.27
1617361172,72.12,30.28
1617361202,72.12,30.27
1617361232,72.12,30.28
1617361262,72.12,30.275
1617361292,72.12,30.28
1617361322,72.12,30.26
1617361352,72.12,30.27
1617361382,72.12,30.28
1617361412,72.12,30.27
1617361442,72.12,30.28
1617361472,72.12,30.28
1617361502,74.17,30.28
1617361532,74.17,30.28
1617361562,74.17,30.28
1617361592,74.17,30.28
1617361622,74.17,30.28
1617361652,74.17,30.29
1617361682,74.17,30.28
1617361712,74.17,30.3
1617361742,74.17,30.3
1617361772,74.17,30.3
1617361802,74.17,30.3
1617361832,74.17,30.3
1617361862,74.17,30.29
1617361892,74.17,30.3
1617361922,74.17,30.3
1617361952,74.17,30.3
1617361982,74.17,30.27
1617362012,74.17,30.28
1617362042,74.17,30.3
1617362072,74.17,30.3
1617362102,74.17,30.28
1617362132,74.17,30.28
1617362162,74.17,30.28
1617362192,74.17,30.28
1617362222,74.17,30.28
1617362252,74.17,30.29
1617362282,74.17,30.27
1617362312,74.17,30.28
1617362342,74.17,30.28
1617362372,74.17,30.28
1617362402,74.17,30.28
1617362432,74.17,30.28
1617362462,75,30.285
1617362492,75,30.27
1617362522,75,30.27
1617362552,75,30.27
1617362582,75,30.27
1617362612,75,30.28
1617362642,75,30.29
1617362672,75,30.28
1617362702,75,30.26
1617362732,75,30.27
1617362762,75,30.28
1617362792,75,30.28
1617362822,75,30.28
1617362852,75,30.27
1617362882,75,30.27
1617362912,75,30.28
1617362942,75,30.27
1617362972,75,30.27
1617363002,75,30.28
1617363032,75,30.27
1617363062,75,30.26
1617363092,75,30.27
1617363122,75,30.26
1617363152,75,30.27
1617363182,75,30.27
1617363212,75,30.27
1617363242,75,30.265
1617363272,75,30.27
1617363302,75,30.26
1617363332,75,30.28
1617363362,75,30.26
1617363392,75,30.26
1617363422,75,30.27
1617363452,75,30.27
1617363482,75,30.27
1617363512,75,30.28
1617363542,75,30.26
1617363572,75,30.25
1617363602,75,30.27
1617363632,75,30.26
1617363662,75,30.26
1617363692,75,30.26
1617363722,75,30.26
1617363752,75,30.26
1617363782,75,30.27
1617363812,75,30.255
1617363842,75,30.25
1617363872,75,30.25
1617363902,75,30.25
1617363932,75,30.25
1617363962,75,30.26
1617363992,0,30.26
1617364022,76.92,30.27
1617364052,76.92,30.28
1617364082,76.92,30.28
1617364112,76.92,30.28
1617364142,76.92,30.28
1617364172,76.92,30.27
1617364202,76.92,30.28
1617364232,76.92,30.3
1617364262,76.92,30.31
1617364292,76.92,30.3
1617364322,76.92,30.3
1617364352,76.92,30.3
1617364382,76.92,30.3
1617364412,76.92,30.305
1617364442,76.92,30.31
1617364472,76.92,30.31
1617364502,76.92,30.31
1617364532,76.92,30.32
1617364562,76.92,30.3
1617364592,76.92,30.32
1617364622,76.92,30.32
1617364652,76.92,30.32
1617364682,76.92,30.33
1617364712,76.92,30.34
1617364742,76.92,30.34
1617364772,76.92,30.34
1617364802,76.92,30.34
1617364832,76.92,30.33
1617364862,76.92,30.34
1617364892,76.92,30.34
1617364922,76.92,30.34
1617364952,76.92,30.35
1617364982,76.92,30.355
1617365012,76.92,30.36
1617365042,76.92,30.35
1617365072,76.92,30.36
1617365102,76.92,30.36
1617365132,76.92,30.37
1617365162,76.92,30.36
1617365192,76.92,30.365
1617365222,76.92,30.37
1617365252,76.92,30.37
1617365282,76.92,30.36
1617365312,76.92,30.36
1617365342,76.92,30.37
1617365372,76.92,30.37
1617365402,76.92,30.37
1617365432,76.92,30.37
1617365462,76.92,30.38
1617365492,77.29,30.39
1617365522,77.29,30.39
1617365552,77.29,30.38
1617365582,77.29,30.385
1617365612,77.29,30.37
1617365642,N.A,N.A
1617365672,76.97,30.37
1617365702,76.97,30.38
1617365732,76.97,30.375
1617365762,76.97,30.37
1617365792,76.97,30.37
1617365822,N.A,N.A
1617365852,77.5,30.38
1617365882,77.5,30.37
1617365912,77.5,30.38
1617365942,77.5,30.37
1617365972,77.5,30.36
1617366002,77.5,30.37
1617366032,77.5,30.36
1617366062,77.5,30.36
1617366092,77.5,30.36
1617366122,77.5,30.365
1617366152,77.5,30.35
1617366182,77.5,30.37
1617366212,77.5,30.37
1617366242,77.5,30.37
1617366272,77.5,30.37
1617366302,77.5,30.365
1617366332,77.5,30.36
1617366362,77.5,30.37
1617366392,77.5,30.36
1617366422,77.5,30.37
1617366452,77.5,30.37
1617366482,77.5,30.36
1617366512,77.5,30.37
1617366542,77.5,30.37
1617366572,77.5,30.37
1617366602,77.5,30.38
1617366632,77.5,30.38
1617366662,77.5,30.36
1617366692,77.5,30.36
1617366722,77.5,30.37
1617366752,77.5,30.36
1617366782,77.5,30.37
1617366812,77.5,30.37
1617366842,77.5,30.36
1617366872,77.5,30.37
1617366902,77.5,30.365
1617366932,77.5,30.37
1617366962,77.5,30.36
1617366992,77.5,30.36
1617367022,77.5,30.38
1617367052,77.5,30.36
1617367082,77.5,30.36
1617367112,77.5,30.355
1617367142,77.5,30.37
1617367172,77.5,30.37
1617367202,77.5,30.37
1617367232,77.5,30.35
1617367262,77.5,30.36
1617367292,77.5,30.36
1617367322,77.5,30.365
1617367352,77.5,30.36
1617367382,77.5,30.35
1617367412,77.5,30.35
1617367442,77.5,30.36
1617367472,77.5,30.35
1617367502,77.5,30.36
1617367532,77.5,30.35
1617367562,77.5,30.35
1617367592,77.5,30.35
1617367622,77.5,30.35
1617367652,77.5,30.34
1617367682,77.5,30.35
1617367712,77.5,30.36
1617367742,77.5,30.35
1617367772,77.5,30.35
1617367802,77.5,30.34
1617367832,77.5,30.35
1617367862,77.5,30.35
1617367892,77.5,30.35
1617367922,77.5,30.36
1617367952,N.A,N.A
1617367982,N.A,N.A
1617368012,N.A,N.A
1617368042,0,-5555
1617368072,N.A,N.A
1617368102,N.A,N.A
1617368132,N.A,N.A
1617368162,N.A,N.A
1617368192,N.A,N.A
1617368222,N.A,N.A
1617368252,N.A,N.A
1617368283,N.A,N.A
1617368312,N.A,N.A
1617368342,77.49,30.36
1617368372,77.49,30.36
1617368402,77.49,30.365
1617368432,77.49,30.38
1617368462,77.49,30.38
1617368492,77.49,30.38
1617368522,77.49,30.39
1617368552,77.49,30.38
1617368582,77.49,30.39
1617368612,77.49,30.39
1617368642,77.49,30.38
1617368672,77.49,30.39
1617368702,77.49,30.39
1617368732,77.49,30.4
1617368762,77.49,30.39
1617368792,77.49,30.405
1617368822,77.49,30.41
1617368852,77.49,30.4
1617368882,77.49,30.41
1617368912,77.49,30.42
1617368942,77.49,30.41
1617368972,77.49,30.41
1617369002,77.49,30.43
1617369032,77.49,30.44
1617369062,77.49,30.46
1617369092,77.49,30.44
1617369122,77.49,30.45
1617369152,77.49,30.45
1617369182,77.49,30.46
1617369212,77.49,30.47
1617369242,77.49,30.46
1617369272,77.49,30.46
1617369302,77.49,30.46
1617369332,77.49,30.47
1617369362,77.49,30.46
1617369392,77.49,30.47
1617369422,77.49,30.46
1617369452,77.49,30.46
1617369482,77.49,30.47
1617369512,77.49,30.47
1617369542,77.49,30.46
1617369572,77.49,30.45
1617369602,77.49,30.46
1617369632,77.49,30.46
1617369662,77.49,30.46
1617369692,77.49,30.46
1617369722,77.49,30.46
1617369752,77.49,30.46
1617369782,77.49,30.465
1617369812,N.A,N.A
1617369842,N.A,N.A
1617369872,N.A,N.A
1617369902,0,-5555
1617369932,N.A,N.A
1617369962,N.A,N.A
1617369992,N.A,N.A
1617370022,N.A,N.A
1617370052,N.A,N.A
1617370083,N.A,N.A
1617370112,N.A,N.A
1617370142,77.62,30.45
1617370172,77.62,30.46
1617370202,77.62,30.46
1617370232,77.62,30.45
1617370262,77.62,30.46
1617370292,77.62,30.45
1617370322,77.62,30.47
1617370352,77.62,30.46
1617370382,77.62,30.455
1617370412,77.62,30.45
1617370442,77.62,30.45
1617370472,77.62,30.45
1617370502,77.62,30.45
1617370532,77.62,30.46
1617370562,77.62,30.45
1617370592,77.62,30.45
1617370622,77.62,30.44
1617370652,N.A,N.A
1617370682,78.06,30.45
1617370712,78.06,30.45
1617370742,78.06,30.45
1617370772,78.06,30.46
1617370802,78.06,30.44
1617370832,78.06,30.44
1617370862,78.06,30.42
1617370892,78.06,30.45
1617370922,78.06,30.42
1617370952,78.06,30.445
1617370982,78.06,30.45
1617371012,78.06,30.44
1617371042,78.06,30.45
