Epoch,Text_id_setup_0511
1617210001,6.796
1617210031,6.796
1617210061,6.796
1617210091,6.796
1617210121,6.796
1617210151,6.796
1617210181,6.796
1617210211,6.796
1617210241,6.796
1617210271,6.796
1617210301,6.796
1617210331,6.796
1617210361,6.796
1617210391,6.796
1617210421,6.796
1617210451,6.796
1617210481,6.796
1617210511,6.796
1617210541,6.796
1617210571,6.796
1617210601,6.796
1617210631,6.796
1617210661,6.796
1617210691,6.796
1617210721,6.796
1617210751,6.796
1617210781,6.796
1617210811,6.796
1617210841,6.796
1617210871,6.796
1617210901,6.796
1617210931,6.796
1617210961,6.796
1617210991,6.796
1617211021,6.796
1617211051,6.796
1617211081,6.796
1617211111,6.796
1617211141,6.796
1617211171,6.796
1617211201,6.796
1617211231,6.796
1617211261,6.796
1617211291,6.796
1617211321,6.796
1617211351,6.796
1617211381,6.796
1617211411,6.796
1617211441,6.796
1617211471,6.796
1617211501,6.796
1617211531,6.796
1617211561,6.796
1617211591,6.796
1617211621,6.796
1617211651,6.796
1617211681,6.796
1617211711,6.796
1617211741,6.796
1617211771,6.796
1617211801,6.796
1617211831,6.796
1617211861,6.796
1617211891,6.796
1617211921,6.796
1617211951,6.796
1617211981,6.796
1617212011,6.796
1617212041,6.796
1617212071,6.796
1617212101,6.796
1617212131,6.796
1617212161,6.796
1617212191,6.796
1617212221,6.796
1617212251,6.796
1617212281,6.796
1617212311,6.796
1617212341,6.796
1617212371,6.796
1617212401,6.796
1617212431,6.796
1617212461,6.796
1617212491,6.796
1617212521,6.796
1617212551,6.796
1617212581,6.796
1617212611,6.796
1617212641,6.796
1617212671,6.796
1617212701,6.796
1617212731,6.796
1617212761,6.796
1617212791,6.796
1617212821,6.796
1617212851,6.796
1617212881,6.796
1617212911,6.796
1617212941,6.796
1617212971,6.796
1617213001,6.796
1617213031,6.796
1617213061,6.796
1617213091,6.796
1617213121,6.796
1617213151,6.796
1617213181,6.796
1617213211,6.796
1617213241,6.796
1617213271,6.796
1617213301,6.796
1617213331,6.796
1617213361,6.796
1617213391,6.796
1617213421,6.796
1617213451,6.796
1617213481,6.796
1617213511,6.796
1617213541,6.796
1617213571,6.796
1617213601,6.796
1617213631,6.796
1617213661,6.796
1617213691,6.796
1617213721,6.796
1617213751,6.796
1617213781,6.796
1617213811,6.796
1617213841,6.796
1617213871,6.796
1617213901,6.796
1617213931,6.796
1617213961,6.796
1617213991,6.796
1617214021,6.796
1617214051,6.796
1617214081,6.796
1617214111,6.796
1617214141,6.796
1617214171,6.796
1617214201,6.796
1617214231,6.796
1617214261,6.796
1617214291,6.796
1617214321,6.796
1617214351,6.796
1617214381,6.796
1617214411,6.796
1617214441,6.796
1617214471,6.796
1617214501,6.796
1617214531,6.796
1617214561,6.796
1617214591,6.796
1617214621,6.796
1617214651,6.796
1617214681,6.796
1617214711,6.796
1617214741,6.796
1617214771,6.796
1617214801,6.796
1617214831,6.796
1617214861,6.796
1617214891,6.796
1617214921,6.796
1617214951,6.796
1617214981,6.796
1617215011,6.796
1617215041,6.796
1617215071,6.796
1617215101,6.796
1617215131,6.796
1617215161,6.796
1617215191,6.796
1617215221,6.796
1617215251,6.796
1617215281,6.796
1617215311,6.796
1617215341,6.796
1617215371,6.796
1617215401,6.796
1617215431,6.796
1617215461,6.796
1617215491,6.796
1617215521,6.796
1617215551,6.796
1617215581,6.796
1617215611,6.796
1617215641,6.796
1617215671,6.796
1617215701,6.796
1617215731,6.796
1617215761,6.796
1617215791,6.796
1617215821,6.796
1617215851,6.796
1617215881,6.796
1617215911,6.796
1617215941,6.796
1617215971,6.796
1617216001,6.796
1617216031,6.796
1617216061,6.796
1617216091,6.796
1617216121,6.796
1617216151,6.796
1617216181,6.796
1617216211,6.796
1617216241,6.796
1617216271,6.796
1617216301,6.796
1617216331,6.796
1617216361,6.796
1617216391,6.796
1617216421,6.796
1617216451,6.796
1617216481,6.796
1617216511,6.796
1617216541,6.796
1617216571,6.796
1617216601,6.796
1617216631,6.796
1617216661,6.796
1617216691,6.796
1617216721,6.796
1617216751,6.796
1617216781,6.796
1617216811,6.796
1617216841,6.796
1617216871,6.796
1617216901,6.796
1617216931,6.796
1617216961,6.796
1617216991,6.796
1617217021,6.796
1617217051,6.796
1617217081,6.796
1617217111,6.796
1617217141,6.796
1617217171,6.796
1617217201,6.796
1617217231,6.796
1617217261,6.796
1617217291,6.796
1617217321,6.796
1617217351,6.796
1617217381,6.796
1617217411,6.796
1617217441,6.796
1617217471,6.796
1617217501,6.796
1617217531,6.796
1617217561,6.796
1617217591,6.796
1617217621,6.796
1617217651,6.796
1617217681,6.796
1617217711,6.796
1617217741,6.796
1617217771,6.796
1617217801,6.796
1617217831,6.796
1617217861,6.796
1617217891,6.796
1617217921,6.796
1617217951,6.796
1617217981,6.796
1617218011,6.796
1617218041,6.796
1617218071,6.796
1617218101,6.796
1617218131,6.796
1617218161,6.796
1617218191,6.796
1617218221,6.796
1617218251,6.796
1617218281,6.796
1617218311,6.796
1617218341,6.796
1617218371,6.796
1617218401,6.796
1617218431,6.796
1617218461,6.796
1617218491,6.796
1617218521,6.796
1617218551,6.796
1617218581,6.796
1617218611,6.796
1617218641,6.796
1617218671,6.796
1617218701,6.796
1617218731,6.796
1617218761,6.796
1617218791,6.796
1617218821,6.796
1617218851,6.796
1617218881,6.796
1617218911,6.796
1617218941,6.796
1617218971,6.796
1617219001,6.796
1617219031,6.796
1617219061,6.796
1617219091,6.796
1617219121,6.796
1617219151,6.796
1617219181,6.796
1617219211,6.796
1617219241,6.796
1617219271,6.796
1617219301,6.796
1617219331,6.796
1617219361,6.796
1617219391,6.796
1617219421,6.796
1617219451,6.796
1617219481,6.796
1617219511,6.796
1617219541,6.796
1617219571,6.796
1617219601,6.796
1617219631,6.796
1617219661,6.796
1617219691,6.796
1617219721,6.796
1617219751,6.796
1617219781,6.796
1617219811,6.796
1617219841,6.796
1617219871,6.796
1617219901,6.796
1617219931,6.796
1617219961,6.796
1617219991,6.796
1617220021,6.796
1617220051,6.796
1617220081,6.796
1617220111,6.796
1617220141,6.796
1617220171,6.796
1617220201,6.796
1617220231,6.796
1617220261,6.796
1617220291,6.796
1617220321,6.796
1617220351,6.796
1617220381,6.796
1617220411,6.796
1617220441,6.796
1617220471,6.796
1617220501,6.796
1617220531,6.796
1617220561,6.796
1617220591,6.796
1617220621,6.796
1617220651,6.796
1617220681,6.796
1617220711,6.796
1617220741,6.796
1617220771,6.796
1617220801,6.796
1617220831,6.796
1617220861,6.796
1617220891,6.796
1617220921,6.796
1617220951,6.796
1617220981,6.796
1617221011,6.796
1617221041,6.796
1617221071,6.796
1617221101,6.796
1617221131,6.796
1617221161,6.796
1617221191,6.796
1617221221,6.796
1617221251,6.796
1617221281,6.796
1617221311,6.796
1617221341,6.796
1617221371,6.796
1617221401,6.796
1617221431,6.796
1617221461,6.796
1617221491,6.796
1617221521,6.796
1617221551,6.796
1617221581,6.796
1617221611,6.796
1617221641,6.796
1617221671,6.796
1617221701,6.796
1617221731,6.796
1617221761,6.796
1617221791,6.796
1617221821,6.796
1617221851,6.796
1617221881,6.796
1617221911,6.796
1617221941,6.796
1617221971,6.796
1617222001,6.796
1617222031,6.796
1617222061,6.796
1617222091,6.796
1617222121,6.796
1617222151,6.796
1617222181,6.796
1617222211,6.796
1617222241,6.796
1617222271,6.796
1617222301,6.796
1617222331,6.796
1617222361,6.796
1617222391,6.796
1617222421,6.796
1617222451,6.796
1617222481,6.796
1617222511,6.796
1617222541,6.796
1617222571,6.796
1617222601,6.796
1617222631,6.796
1617222661,6.796
1617222691,6.796
1617222721,6.796
1617222751,6.796
1617222781,6.796
1617222811,6.796
1617222841,6.796
1617222871,6.796
1617222901,6.796
1617222931,6.796
1617222961,6.796
1617222991,6.796
1617223021,6.796
1617223051,6.796
1617223081,6.796
1617223111,6.796
1617223141,6.796
1617223171,6.796
1617223201,6.796
1617223231,6.796
1617223261,6.796
1617223291,6.796
1617223321,6.796
1617223351,6.796
1617223381,6.796
1617223411,6.796
1617223441,6.796
1617223471,6.796
1617223501,6.796
1617223531,6.796
1617223561,6.796
1617223591,6.796
1617223621,6.796
1617223651,6.796
1617223681,6.796
1617223711,6.796
1617223741,6.796
1617223771,6.796
1617223801,6.796
1617223831,6.796
1617223861,6.796
1617223891,6.796
1617223921,6.796
1617223951,6.796
1617223981,6.796
1617224011,6.796
1617224041,6.796
1617224071,6.796
1617224101,6.796
1617224131,6.796
1617224161,6.796
1617224191,6.796
1617224221,6.796
1617224251,6.796
1617224281,6.796
1617224311,6.796
1617224341,6.796
1617224371,6.796
1617224401,6.796
1617224431,6.796
1617224461,6.796
1617224491,6.796
1617224521,6.796
1617224551,6.796
1617224581,6.796
1617224611,6.796
1617224641,6.796
1617224671,6.796
1617224701,6.796
1617224731,6.796
1617224761,6.796
1617224791,6.796
1617224821,6.796
1617224851,6.796
1617224881,6.796
1617224911,6.796
1617224941,6.796
1617224971,6.796
1617225001,6.796
1617225031,6.796
1617225061,6.796
1617225091,6.796
1617225121,6.796
1617225151,6.796
1617225181,6.796
1617225211,6.796
1617225241,6.796
1617225271,6.796
1617225301,6.796
1617225331,6.796
1617225361,6.796
1617225391,6.796
1617225421,6.796
1617225451,6.796
1617225481,6.796
1617225511,6.796
1617225541,6.796
1617225571,6.796
1617225601,6.796
1617225631,6.796
1617225661,6.796
1617225691,6.796
1617225721,6.796
1617225751,6.796
1617225781,6.796
1617225811,6.796
1617225841,6.796
1617225871,6.796
1617225901,6.796
1617225931,6.796
1617225961,6.796
1617225991,6.796
1617226021,6.796
1617226051,6.796
1617226081,6.796
1617226111,6.796
1617226141,6.796
1617226171,6.796
1617226201,6.796
1617226231,6.796
1617226261,6.796
1617226291,6.796
1617226321,6.796
1617226351,6.796
1617226381,6.796
1617226411,6.796
1617226441,6.796
1617226471,6.796
1617226501,6.796
1617226531,6.796
1617226561,6.796
1617226591,6.796
1617226621,6.796
1617226651,6.796
1617226681,6.796
1617226711,6.796
1617226741,6.796
1617226771,6.796
1617226801,6.796
1617226831,6.796
1617226861,6.796
1617226891,6.796
1617226921,6.796
1617226951,6.796
1617226981,6.796
1617227011,6.796
1617227041,6.796
1617227071,6.796
1617227101,6.796
1617227131,6.796
1617227161,6.796
1617227191,6.796
1617227221,6.796
1617227251,6.796
1617227281,6.796
1617227311,6.796
1617227341,6.796
1617227371,6.796
1617227401,6.796
1617227431,6.796
1617227461,6.796
1617227491,6.796
1617227521,6.796
1617227551,6.796
1617227581,6.796
1617227611,6.796
1617227641,6.796
1617227671,6.796
1617227701,6.796
1617227731,6.796
1617227761,6.796
1617227791,6.796
1617227821,6.796
1617227851,6.796
1617227881,6.796
1617227911,6.796
1617227941,6.796
1617227971,6.796
1617228001,6.796
1617228031,6.796
1617228061,6.796
1617228091,6.796
1617228121,6.796
1617228151,6.796
1617228181,6.796
1617228211,6.796
1617228241,6.796
1617228271,6.796
1617228301,6.796
1617228331,6.796
1617228361,6.796
1617228391,6.796
1617228421,6.796
1617228451,6.796
1617228481,6.796
1617228511,6.796
1617228541,6.796
1617228571,6.796
1617228601,6.796
1617228631,6.796
1617228661,6.796
1617228691,6.796
1617228721,6.796
1617228751,6.796
1617228781,6.796
1617228811,6.796
1617228841,6.796
1617228871,6.796
1617228901,6.796
1617228931,6.796
1617228961,6.796
1617228991,6.796
1617229021,6.796
1617229051,6.796
1617229081,6.796
1617229111,6.796
1617229141,6.796
1617229171,6.796
1617229201,6.796
1617229231,6.796
1617229261,6.796
1617229291,6.796
1617229321,6.796
1617229351,6.796
1617229381,6.796
1617229411,6.796
1617229441,6.796
1617229471,6.796
1617229501,6.796
1617229531,6.796
1617229561,6.796
1617229591,6.796
1617229621,6.796
1617229651,6.796
1617229681,6.796
1617229711,6.796
1617229741,6.796
1617229771,6.796
1617229801,6.796
1617229831,6.796
1617229861,6.796
1617229891,6.796
1617229921,6.796
1617229951,6.796
1617229981,6.796
1617230011,6.796
1617230041,6.796
1617230071,6.796
1617230101,6.796
1617230131,6.796
1617230161,6.796
1617230191,6.796
1617230221,6.796
1617230251,6.796
1617230281,6.796
1617230311,6.796
1617230341,6.796
1617230371,6.796
1617230401,6.796
1617230431,6.796
1617230461,6.796
1617230491,6.796
1617230521,6.796
1617230551,6.796
1617230581,6.796
1617230611,6.796
1617230641,6.796
1617230671,6.796
1617230701,6.796
1617230731,6.796
1617230761,6.796
1617230791,6.796
1617230821,6.796
1617230851,6.796
1617230881,6.796
1617230911,6.796
1617230941,6.796
1617230971,6.796
1617231001,6.796
1617231031,6.796
1617231061,6.796
1617231091,6.796
1617231121,6.796
1617231151,6.796
1617231181,6.796
1617231211,6.796
1617231241,6.796
1617231271,6.796
1617231301,6.796
1617231331,6.796
1617231361,6.796
1617231391,6.796
1617231421,6.796
1617231451,6.796
1617231481,6.796
1617231511,6.796
1617231541,6.796
1617231571,6.796
1617231601,6.796
1617231631,6.796
1617231661,6.796
1617231691,6.796
1617231721,6.796
1617231751,6.796
1617231781,6.796
1617231811,6.796
1617231841,6.796
1617231871,6.796
1617231901,6.796
1617231931,6.796
1617231961,6.796
1617231991,6.796
1617232021,6.796
1617232051,6.796
1617232081,6.796
1617232111,6.796
1617232141,6.796
1617232171,6.796
1617232201,6.796
1617232231,6.796
1617232261,6.796
1617232291,6.796
1617232321,6.796
1617232351,6.796
1617232381,6.796
1617232411,6.796
1617232441,6.796
1617232471,6.796
1617232501,6.796
1617232531,6.796
1617232561,6.796
1617232591,6.796
1617232621,6.796
1617232651,6.796
1617232681,6.796
1617232711,6.796
1617232741,6.796
1617232771,6.796
1617232801,6.796
1617232831,6.796
1617232861,6.796
1617232891,6.796
1617232921,6.796
1617232951,6.796
1617232981,6.796
1617233011,6.796
1617233041,6.796
1617233071,6.796
1617233101,6.796
1617233131,6.796
1617233161,6.796
1617233191,6.796
1617233221,6.796
1617233251,6.796
1617233281,6.796
1617233311,6.796
1617233341,6.796
1617233371,6.796
1617233401,6.796
1617233431,6.796
1617233461,6.796
1617233491,6.796
1617233521,6.796
1617233551,6.796
1617233581,6.796
1617233611,6.796
1617233641,6.796
1617233671,6.796
1617233701,6.796
1617233731,6.796
1617233761,6.796
1617233791,6.796
1617233821,6.796
1617233851,6.796
1617233881,6.796
1617233911,6.796
1617233941,6.796
1617233971,6.796
1617234001,6.796
1617234031,6.796
1617234061,6.796
1617234091,6.796
1617234121,6.796
1617234151,6.796
1617234181,6.796
1617234211,6.796
1617234241,6.796
1617234271,6.796
1617234301,6.796
1617234331,6.796
1617234361,6.796
1617234391,6.796
1617234421,6.796
1617234451,6.796
1617234481,6.796
1617234511,6.796
1617234541,6.796
1617234571,6.796
1617234601,6.796
1617234631,6.796
1617234661,6.796
1617234691,6.796
1617234721,6.796
1617234751,6.796
1617234781,6.796
1617234811,6.796
1617234841,6.796
1617234871,6.796
1617234901,6.796
1617234931,6.796
1617234961,6.796
1617234991,6.796
1617235021,6.796
1617235051,6.796
1617235081,6.796
1617235111,6.796
1617235141,6.796
1617235171,6.796
1617235201,6.796
1617235231,6.796
1617235261,6.796
1617235291,6.796
1617235321,6.796
1617235351,6.796
1617235381,6.796
1617235411,6.796
1617235441,6.796
1617235471,6.796
1617235501,6.796
1617235531,6.796
1617235561,6.796
1617235591,6.796
1617235621,6.796
1617235651,6.796
1617235681,6.796
1617235711,6.796
1617235741,6.796
1617235771,6.796
1617235801,6.796
1617235831,6.796
1617235861,6.796
1617235891,6.796
1617235921,6.796
1617235951,6.796
1617235981,6.796
1617236011,6.796
1617236041,6.796
1617236071,6.796
1617236101,6.796
1617236131,6.796
1617236161,6.796
1617236191,6.796
1617236221,6.796
1617236251,6.796
1617236281,6.796
1617236311,6.796
1617236341,6.796
1617236371,6.796
1617236401,6.796
1617236431,6.796
1617236461,6.796
1617236491,6.796
1617236521,6.796
1617236551,6.796
1617236581,6.796
1617236611,6.796
1617236641,6.796
1617236671,6.796
1617236701,6.796
1617236731,6.796
1617236761,6.796
1617236791,6.796
1617236821,6.796
1617236851,6.796
1617236881,6.796
1617236911,6.796
1617236941,6.796
1617236971,6.796
1617237001,6.796
1617237031,6.796
1617237061,6.796
1617237091,6.796
1617237121,6.796
1617237151,6.796
1617237181,6.796
1617237211,6.796
1617237241,6.796
1617237271,6.796
1617237301,6.796
1617237331,6.796
1617237361,6.796
1617237391,6.796
1617237421,6.796
1617237451,6.796
1617237481,6.796
1617237511,6.796
1617237541,6.796
1617237571,6.796
1617237601,6.796
1617237631,6.796
1617237661,6.796
1617237691,6.796
1617237721,6.796
1617237751,6.796
1617237781,6.796
1617237811,6.796
1617237841,6.796
1617237871,6.796
1617237901,6.796
1617237931,6.796
1617237961,6.796
1617237991,6.796
1617238021,6.796
1617238051,6.796
1617238081,6.796
1617238111,6.796
1617238141,6.796
1617238171,6.796
1617238201,6.796
1617238231,6.796
1617238261,6.796
1617238291,6.796
1617238321,6.796
1617238351,6.796
1617238381,6.796
1617238411,6.796
1617238441,6.796
1617238471,6.796
1617238501,6.796
1617238531,6.796
1617238561,6.796
1617238591,6.796
1617238621,6.796
1617238651,6.796
1617238681,6.796
1617238711,6.796
1617238741,6.796
1617238771,6.796
1617238801,6.796
1617238831,6.796
1617238861,6.796
1617238891,6.796
1617238921,6.796
1617238951,6.796
1617238981,6.796
1617239011,6.796
1617239041,6.796
1617239071,6.796
1617239101,6.796
1617239131,6.796
1617239161,6.796
1617239191,6.796
1617239221,6.796
1617239251,6.796
1617239281,6.796
1617239311,6.796
1617239341,6.796
1617239371,6.796
1617239401,6.796
1617239431,6.796
1617239461,6.796
1617239491,6.796
1617239521,6.796
1617239551,6.796
1617239581,6.796
1617239611,6.796
1617239641,6.796
1617239671,6.796
1617239701,6.796
1617239731,6.796
1617239761,6.796
1617239791,6.796
1617239821,6.796
1617239851,6.796
1617239881,6.796
1617239911,6.796
1617239941,6.796
1617239971,6.796
1617240001,6.796
1617240031,6.796
1617240061,6.796
1617240091,6.796
1617240121,6.796
1617240151,6.796
1617240181,6.796
1617240211,6.796
1617240241,6.796
1617240271,6.796
1617240301,6.796
1617240331,6.796
1617240361,6.796
1617240391,6.796
1617240421,6.796
1617240451,6.796
1617240481,6.796
1617240511,6.796
1617240541,6.796
1617240571,6.796
1617240601,6.796
1617240631,6.796
1617240661,6.796
1617240691,6.796
1617240721,6.796
1617240751,6.796
1617240781,6.796
1617240811,6.796
1617240841,6.796
1617240871,6.796
1617240901,6.796
1617240931,6.796
1617240961,6.796
1617240991,6.796
1617241021,6.796
1617241051,6.796
1617241081,6.796
1617241111,6.796
1617241141,6.796
1617241171,6.796
1617241201,6.796
1617241231,6.796
1617241261,6.796
1617241291,6.796
1617241321,6.796
1617241351,6.796
1617241381,6.796
1617241411,6.796
1617241441,6.796
1617241471,6.796
1617241501,6.796
1617241531,6.796
1617241561,6.796
1617241591,6.796
1617241621,6.796
1617241651,6.796
1617241681,6.796
1617241711,6.796
1617241741,6.796
1617241771,6.796
1617241801,6.796
1617241831,6.796
1617241861,6.796
1617241891,6.796
1617241921,6.796
1617241951,6.796
1617241981,6.796
1617242011,6.796
1617242041,6.796
1617242071,6.796
1617242101,6.796
1617242131,6.796
1617242161,6.796
1617242191,6.796
1617242221,6.796
1617242251,6.796
1617242281,6.796
1617242311,6.796
1617242341,6.796
1617242371,6.796
1617242401,6.796
1617242431,6.796
1617242461,6.796
1617242491,6.796
1617242521,6.796
1617242551,6.796
1617242581,6.796
1617242611,6.796
1617242641,6.796
1617242671,6.796
1617242701,6.796
1617242731,6.796
1617242761,6.796
1617242791,6.796
1617242821,6.796
1617242851,6.796
1617242881,6.796
1617242911,6.796
1617242941,6.796
1617242971,6.796
1617243001,6.796
1617243031,6.796
1617243061,6.796
1617243091,6.796
1617243121,6.796
1617243151,6.796
1617243181,6.796
1617243211,6.796
1617243241,6.796
1617243271,6.796
1617243301,6.796
1617243331,6.796
1617243361,6.796
1617243391,6.796
1617243421,6.796
1617243451,6.796
1617243481,6.796
1617243511,6.796
1617243541,6.796
1617243571,6.796
1617243601,6.796
1617243631,6.796
1617243661,6.796
1617243691,6.796
1617243721,6.796
1617243751,6.796
1617243781,6.796
1617243811,6.796
1617243841,6.796
1617243871,6.796
1617243901,6.796
1617243931,6.796
1617243961,6.796
1617243991,6.796
1617244021,6.796
1617244051,6.796
1617244081,6.796
1617244111,6.796
1617244141,6.796
1617244171,6.796
1617244201,6.796
1617244231,6.796
1617244261,6.796
1617244291,6.796
1617244321,6.796
1617244351,6.796
1617244381,6.796
1617244411,6.796
1617244441,6.796
1617244471,6.796
1617244501,6.796
1617244531,6.796
1617244561,6.796
1617244591,6.796
1617244621,6.796
1617244651,6.796
1617244681,6.796
1617244711,6.796
1617244741,6.796
1617244771,6.796
1617244801,6.796
1617244831,6.796
1617244861,6.796
1617244891,6.796
1617244921,6.796
1617244951,6.796
1617244981,6.796
1617245011,6.796
1617245041,6.796
1617245071,6.796
1617245101,6.796
1617245131,6.796
1617245161,6.796
1617245191,6.796
1617245221,6.796
1617245251,6.796
1617245281,6.796
1617245311,6.796
1617245341,6.796
1617245371,6.796
1617245401,6.796
1617245431,6.796
1617245461,6.796
1617245491,6.796
1617245521,6.796
1617245551,6.796
1617245581,6.796
1617245611,6.796
1617245641,6.796
1617245671,6.796
1617245701,6.796
1617245731,6.796
1617245761,6.796
1617245791,6.796
1617245821,6.796
1617245851,6.796
1617245881,6.796
1617245911,6.796
1617245941,6.796
1617245971,6.796
1617246001,6.796
1617246031,6.796
1617246061,6.796
1617246091,6.796
1617246121,6.796
1617246151,6.796
1617246181,6.796
1617246211,6.796
1617246241,6.796
1617246271,6.796
1617246301,6.796
1617246331,6.796
1617246361,6.796
1617246391,6.796
1617246421,6.796
1617246451,6.796
1617246481,6.796
1617246511,6.796
1617246541,6.796
1617246571,6.796
1617246601,6.796
1617246631,6.796
1617246661,6.796
1617246691,6.796
1617246721,6.796
1617246751,6.796
1617246781,6.796
1617246811,6.796
1617246841,6.796
1617246871,6.796
1617246901,6.796
1617246931,6.796
1617246961,6.796
1617246991,6.796
1617247021,6.796
1617247051,6.796
1617247081,6.796
1617247111,6.796
1617247141,6.796
1617247171,6.796
1617247201,6.796
1617247231,6.796
1617247261,6.796
1617247291,6.796
1617247321,6.796
1617247351,6.796
1617247381,6.796
1617247411,6.796
1617247441,6.796
1617247471,6.796
1617247501,6.796
1617247531,6.796
1617247561,6.796
1617247591,6.796
1617247621,6.796
1617247651,6.796
1617247681,6.796
1617247711,6.796
1617247741,6.796
1617247771,6.796
1617247801,6.796
1617247831,6.796
1617247861,6.796
1617247891,6.796
1617247921,6.796
1617247951,6.796
1617247981,6.796
1617248011,6.796
1617248041,6.796
1617248071,6.796
1617248101,6.796
1617248131,6.796
1617248161,6.796
1617248191,6.796
1617248221,6.796
1617248251,6.796
1617248281,6.796
1617248311,6.796
1617248341,6.796
1617248371,6.796
1617248401,6.796
1617248431,6.796
1617248461,6.796
1617248491,6.796
1617248521,6.796
1617248551,6.796
1617248581,6.796
1617248611,6.796
1617248641,6.796
1617248671,6.796
1617248701,6.796
1617248731,6.796
1617248761,6.796
1617248791,6.796
1617248821,6.796
1617248851,6.796
1617248881,6.796
1617248911,6.796
1617248941,6.796
1617248971,6.796
1617249001,6.796
1617249031,6.796
1617249061,6.796
1617249091,6.796
1617249121,6.796
1617249151,6.796
1617249181,6.796
1617249211,6.796
1617249241,6.796
1617249271,6.796
1617249301,6.796
1617249331,6.796
1617249361,6.796
1617249391,6.796
1617249421,6.796
1617249451,6.796
1617249481,6.796
1617249511,6.796
1617249541,6.796
1617249571,6.796
1617249601,6.796
1617249631,6.796
1617249661,6.796
1617249691,6.796
1617249721,6.796
1617249751,6.796
1617249781,6.796
1617249811,6.796
1617249841,6.796
1617249871,6.796
1617249901,6.796
1617249931,6.796
1617249961,6.796
1617249991,6.796
1617250021,6.796
1617250051,6.796
1617250081,6.796
1617250111,6.796
1617250141,6.796
1617250171,6.796
1617250201,6.796
1617250231,6.796
1617250261,6.796
1617250291,6.796
1617250321,6.796
1617250351,6.796
1617250381,6.796
1617250411,6.796
1617250441,6.796
1617250471,6.796
1617250501,6.796
1617250531,6.796
1617250561,6.796
1617250591,6.796
1617250621,6.796
1617250651,6.796
1617250681,6.796
1617250711,6.796
1617250741,6.796
1617250771,6.796
1617250801,6.796
1617250831,6.796
1617250861,6.796
1617250891,6.796
1617250921,6.796
1617250951,6.796
1617250981,6.796
1617251011,6.796
1617251041,6.796
1617251071,6.796
1617251101,6.796
1617251131,6.796
1617251161,6.796
1617251191,6.796
1617251221,6.796
1617251251,6.796
1617251281,6.796
1617251311,6.796
1617251341,6.796
1617251371,6.796
1617251401,6.796
1617251431,6.796
1617251461,6.796
1617251491,6.796
1617251521,6.796
1617251551,6.796
1617251581,6.796
1617251611,6.796
1617251641,6.796
1617251671,6.796
1617251701,6.796
1617251731,6.796
1617251761,6.796
1617251791,6.796
1617251821,6.796
1617251851,6.796
1617251881,6.796
1617251911,6.796
1617251941,6.796
1617251971,6.796
1617252001,6.796
1617252031,6.796
1617252061,6.796
1617252091,6.796
1617252121,6.796
1617252151,6.796
1617252181,6.796
1617252211,6.796
1617252241,6.796
1617252271,6.796
1617252301,6.796
1617252331,6.796
1617252361,6.796
1617252391,6.796
1617252421,6.796
1617252451,6.796
1617252481,6.796
1617252511,6.796
1617252541,6.796
1617252571,6.796
1617252601,6.796
1617252631,6.796
1617252661,6.796
1617252691,6.796
1617252721,6.796
1617252751,6.796
1617252781,6.796
1617252811,6.796
1617252841,6.796
1617252871,6.796
1617252901,6.796
1617252931,6.796
1617252961,6.796
1617252991,6.796
1617253021,6.796
1617253051,6.796
1617253081,6.796
1617253111,6.796
1617253141,6.796
1617253171,6.796
1617253201,6.796
1617253231,6.796
1617253261,6.796
1617253291,6.796
1617253321,6.796
1617253351,6.796
1617253381,6.796
1617253411,6.796
1617253441,6.796
1617253471,6.796
1617253501,6.796
1617253531,6.796
1617253561,6.796
1617253591,6.796
1617253621,6.796
1617253651,6.796
1617253681,6.796
1617253711,6.796
1617253741,6.796
1617253771,6.796
1617253801,6.796
1617253831,6.796
1617253861,6.796
1617253891,6.796
1617253921,6.796
1617253951,6.796
1617253981,6.796
1617254011,6.796
1617254041,6.796
1617254071,6.796
1617254101,6.796
1617254131,6.796
1617254161,6.796
1617254191,6.796
1617254221,6.796
1617254251,6.796
1617254281,6.796
1617254311,6.796
1617254341,6.796
1617254371,6.796
1617254401,6.796
1617254431,6.796
1617254461,6.796
1617254491,6.796
1617254521,6.796
1617254551,6.796
1617254581,6.796
1617254611,6.796
1617254641,6.796
1617254671,6.796
1617254701,6.796
1617254731,6.796
1617254761,6.796
1617254791,6.796
1617254821,6.796
1617254851,6.796
1617254881,6.796
1617254911,6.796
1617254941,6.796
1617254971,6.796
1617255001,6.796
1617255031,6.796
1617255061,6.796
1617255091,6.796
1617255121,6.796
1617255151,6.796
1617255181,6.796
1617255211,6.796
1617255241,6.796
1617255271,6.796
1617255301,6.796
1617255331,6.796
1617255361,6.796
1617255391,6.796
1617255421,6.796
1617255451,6.796
1617255481,6.796
1617255511,6.796
1617255541,6.796
1617255571,6.796
1617255601,6.796
1617255631,6.796
1617255661,6.796
1617255691,6.796
1617255721,6.796
1617255751,6.796
1617255781,6.796
1617255811,6.796
1617255841,6.796
1617255871,6.796
1617255901,6.796
1617255931,6.796
1617255961,6.796
1617255991,6.796
1617256021,6.796
1617256051,6.796
1617256081,6.796
1617256111,6.796
1617256141,6.796
1617256171,6.796
1617256201,6.796
1617256231,6.796
1617256261,6.796
1617256291,6.796
1617256321,6.796
1617256351,6.796
1617256381,6.796
1617256411,6.796
1617256441,6.796
1617256471,6.796
1617256501,6.796
1617256531,6.796
1617256561,6.796
1617256591,6.796
1617256621,6.796
1617256651,6.796
1617256681,6.796
1617256711,6.796
1617256741,6.796
1617256771,6.796
1617256801,6.796
1617256831,6.796
1617256861,6.796
1617256891,6.796
1617256921,6.796
1617256951,6.796
1617256981,6.796
1617257011,6.796
1617257041,6.796
1617257071,6.796
1617257101,6.796
1617257131,6.796
1617257161,6.796
1617257191,6.796
1617257221,6.796
1617257251,6.796
1617257281,6.796
1617257311,6.796
1617257341,6.796
1617257371,6.796
1617257401,6.796
1617257431,6.796
1617257461,6.796
1617257491,6.796
1617257521,6.796
1617257551,6.796
1617257581,6.796
1617257611,6.796
1617257641,6.796
1617257671,6.796
1617257701,6.796
1617257731,6.796
1617257761,6.796
1617257791,6.796
1617257821,6.796
1617257851,6.796
1617257881,6.796
1617257911,6.796
1617257941,6.796
1617257971,6.796
1617258001,6.796
1617258031,6.796
1617258061,6.796
1617258091,6.796
1617258121,6.796
1617258151,6.796
1617258181,6.796
1617258211,6.796
1617258241,6.796
1617258271,6.796
1617258301,6.796
1617258331,6.796
1617258361,6.796
1617258391,6.796
1617258421,6.796
1617258451,6.796
1617258481,6.796
1617258511,6.796
1617258541,6.796
1617258571,6.796
1617258601,6.796
1617258631,6.796
1617258661,6.796
1617258691,6.796
1617258721,6.796
1617258751,6.796
1617258781,6.796
1617258811,6.796
1617258841,6.796
1617258871,6.796
1617258901,6.796
1617258931,6.796
1617258961,6.796
1617258991,6.796
1617259021,6.796
1617259051,6.796
1617259081,6.796
1617259111,6.796
1617259141,6.796
1617259171,6.796
1617259201,6.796
1617259231,6.796
1617259261,6.796
1617259291,6.796
1617259321,6.796
1617259351,6.796
1617259381,6.796
1617259411,6.796
1617259441,6.796
1617259471,6.796
1617259501,6.796
1617259531,6.796
1617259561,6.796
1617259591,6.796
1617259621,6.796
1617259651,6.796
1617259681,6.796
1617259711,6.796
1617259741,6.796
1617259771,6.796
1617259801,6.796
1617259831,6.796
1617259861,6.796
1617259891,6.796
1617259921,6.796
1617259951,6.796
1617259981,6.796
1617260011,6.796
1617260041,6.796
1617260071,6.796
1617260101,6.796
1617260131,6.796
1617260161,6.796
1617260191,6.796
1617260221,6.796
1617260251,6.796
1617260281,6.796
1617260311,6.796
1617260341,6.796
1617260371,6.796
1617260401,6.796
1617260431,6.796
1617260461,6.796
1617260491,6.796
1617260521,6.796
1617260551,6.796
1617260581,6.796
1617260611,6.796
1617260641,6.796
1617260671,6.796
1617260701,6.796
1617260731,6.796
1617260761,6.796
1617260791,6.796
1617260821,6.796
1617260851,6.796
1617260881,6.796
1617260911,6.796
1617260941,6.796
1617260971,6.796
1617261001,6.796
1617261031,6.796
1617261061,6.796
1617261091,6.796
1617261121,6.796
1617261151,6.796
1617261181,6.796
1617261211,6.796
1617261241,6.796
1617261271,6.796
1617261301,6.796
1617261331,6.796
1617261361,6.796
1617261391,6.796
1617261421,6.796
1617261451,6.796
1617261481,6.796
1617261511,6.796
1617261541,6.796
1617261571,6.796
1617261601,6.796
1617261631,6.796
1617261661,6.796
1617261691,6.796
1617261721,6.796
1617261751,6.796
1617261781,6.796
1617261811,6.796
1617261841,6.796
1617261871,6.796
1617261901,6.796
1617261931,6.796
1617261961,6.796
1617261991,6.796
1617262021,6.796
1617262051,6.796
1617262081,6.796
1617262111,6.796
1617262141,6.796
1617262171,6.796
1617262201,6.796
1617262231,6.796
1617262261,6.796
1617262291,6.796
1617262321,6.796
1617262351,6.796
1617262381,6.796
1617262411,6.796
1617262441,6.796
1617262471,6.796
1617262501,6.796
1617262531,6.796
1617262561,6.796
1617262591,6.796
1617262621,6.796
1617262651,6.796
1617262681,6.796
1617262711,6.796
1617262741,6.796
1617262771,6.796
1617262801,6.796
1617262831,6.796
1617262861,6.796
1617262891,6.796
1617262921,6.796
1617262951,6.796
1617262981,6.796
1617263011,6.796
1617263042,6.796
1617263071,6.796
1617263101,6.796
1617263131,6.796
1617263161,6.796
1617263191,6.796
1617263221,6.796
1617263251,6.796
1617263281,6.796
1617263311,6.796
1617263341,6.796
1617263371,6.796
1617263401,6.796
1617263431,6.796
1617263461,6.796
1617263491,6.796
1617263521,6.796
1617263551,6.796
1617263581,6.796
1617263611,6.796
1617263641,6.796
1617263671,6.796
1617263701,6.796
1617263731,6.796
1617263761,6.796
1617263791,6.796
1617263821,6.796
1617263851,6.796
1617263881,6.796
1617263911,6.796
1617263941,6.796
1617263971,6.796
1617264001,6.796
1617264031,6.796
1617264061,6.796
1617264091,6.796
1617264121,6.796
1617264151,6.796
1617264181,6.796
1617264211,6.796
1617264241,6.796
1617264271,6.796
1617264301,6.796
1617264331,6.796
1617264361,6.796
1617264391,6.796
1617264421,6.796
1617264451,6.796
1617264481,6.796
1617264511,6.796
1617264541,6.796
1617264571,6.796
1617264601,6.796
1617264631,6.796
1617264661,6.796
1617264691,6.796
1617264721,6.796
1617264751,6.796
1617264781,6.796
1617264811,6.796
1617264841,6.796
1617264871,6.796
1617264901,6.796
1617264931,6.796
1617264961,6.796
1617264991,6.796
1617265021,6.796
1617265051,6.796
1617265081,6.796
1617265111,6.796
1617265141,6.796
1617265171,6.796
1617265201,6.796
1617265231,6.796
1617265261,6.796
1617265291,6.796
1617265321,6.796
1617265351,6.796
1617265381,6.796
1617265411,6.796
1617265441,6.796
1617265471,6.796
1617265501,6.796
1617265531,6.796
1617265561,6.796
1617265591,6.796
1617265621,6.796
1617265651,6.796
1617265681,6.796
1617265711,6.796
1617265741,6.796
1617265771,6.796
1617265801,6.796
1617265831,6.796
1617265861,6.796
1617265891,6.796
1617265921,6.796
1617265951,6.796
1617265981,6.796
1617266011,6.796
1617266041,6.796
1617266071,6.796
1617266101,6.796
1617266131,6.796
1617266161,6.796
1617266191,6.796
1617266221,6.796
1617266251,6.796
1617266281,6.796
1617266311,6.796
1617266341,6.796
1617266371,6.796
1617266401,6.796
1617266431,6.796
1617266461,6.796
1617266491,6.796
1617266521,6.796
1617266551,6.796
1617266581,6.796
1617266611,6.796
1617266641,6.796
1617266671,6.796
1617266701,6.796
1617266731,6.796
1617266761,6.796
1617266791,6.796
1617266821,6.796
1617266851,6.796
1617266881,6.796
1617266911,6.796
1617266941,6.796
1617266971,6.796
1617267001,6.796
1617267031,6.796
1617267061,6.796
1617267091,6.796
1617267121,6.796
1617267151,6.796
1617267181,6.796
1617267211,6.796
1617267241,6.796
1617267271,6.796
1617267301,6.796
1617267331,6.796
1617267361,6.796
1617267391,6.796
1617267421,6.796
1617267451,6.796
1617267481,6.796
1617267511,6.796
1617267541,6.796
1617267571,6.796
1617267601,6.796
1617267631,6.796
1617267661,6.796
1617267691,6.796
1617267721,6.796
1617267751,6.796
1617267781,6.796
1617267811,6.796
1617267841,6.796
1617267871,6.796
1617267901,6.796
1617267931,6.796
1617267961,6.796
1617267991,6.796
1617268021,6.796
1617268051,6.796
1617268081,6.796
1617268111,6.796
1617268141,6.796
1617268171,6.796
1617268201,6.796
1617268231,6.796
1617268261,6.796
1617268291,6.796
1617268321,6.796
1617268351,6.796
1617268381,6.796
1617268411,6.796
1617268441,6.796
1617268471,6.796
1617268501,6.796
1617268531,6.796
1617268561,6.796
1617268591,6.796
1617268621,6.796
1617268651,6.796
1617268681,6.796
1617268711,6.796
1617268741,6.796
1617268771,6.796
1617268801,6.796
1617268831,6.796
1617268861,6.796
1617268891,6.796
1617268921,6.796
1617268951,6.796
1617268981,6.796
1617269011,6.796
1617269041,6.796
1617269071,6.796
1617269101,6.796
1617269131,6.796
1617269161,6.796
1617269191,6.796
1617269221,6.796
1617269251,6.796
1617269281,6.796
1617269311,6.796
1617269341,6.796
1617269371,6.796
1617269401,6.796
1617269431,6.796
1617269461,6.796
1617269491,6.796
1617269521,6.796
1617269551,6.796
1617269581,6.796
1617269611,6.796
1617269641,6.796
1617269671,6.796
1617269701,6.796
1617269731,6.796
1617269761,6.796
1617269791,6.796
1617269821,6.796
1617269851,6.796
1617269881,6.796
1617269911,6.796
1617269941,6.796
1617269971,6.796
1617270001,6.796
1617270031,6.796
1617270061,6.796
1617270091,6.796
1617270121,6.796
1617270151,6.796
1617270181,6.796
1617270211,6.796
1617270241,6.796
1617270271,6.796
1617270301,6.796
1617270331,6.796
1617270361,6.796
1617270391,6.796
1617270421,6.796
1617270451,6.796
1617270481,6.796
1617270511,6.796
1617270541,6.796
1617270571,6.796
1617270601,6.796
1617270631,6.796
1617270661,6.796
1617270691,6.796
1617270721,6.796
1617270751,6.796
1617270781,6.796
1617270811,6.796
1617270841,6.796
1617270871,6.796
1617270901,6.796
1617270931,6.796
1617270961,6.796
1617270991,6.796
1617271021,6.796
1617271051,6.796
1617271081,6.796
1617271111,6.796
1617271141,6.796
1617271171,6.796
1617271201,6.796
1617271231,6.796
1617271261,6.796
1617271291,6.796
1617271321,6.796
1617271351,6.796
1617271381,6.796
1617271411,6.796
1617271441,6.796
1617271471,6.796
1617271501,6.796
1617271531,6.796
1617271561,6.796
1617271591,6.796
1617271621,6.796
1617271651,6.796
1617271681,6.796
1617271711,6.796
1617271741,6.796
1617271771,6.796
1617271801,6.796
1617271831,6.796
1617271861,6.796
1617271891,6.796
1617271921,6.796
1617271951,6.796
1617271981,6.796
1617272011,6.796
1617272041,6.796
1617272071,6.796
1617272101,6.796
1617272131,6.796
1617272161,6.796
1617272191,6.796
1617272221,6.796
1617272251,6.796
1617272281,6.796
1617272311,6.796
1617272341,6.796
1617272371,6.796
1617272401,6.796
1617272431,6.796
1617272461,6.796
1617272491,6.796
1617272521,6.796
1617272551,6.796
1617272581,6.796
1617272611,6.796
1617272641,6.796
1617272671,6.796
1617272701,6.796
1617272731,6.796
1617272761,6.796
1617272791,6.796
1617272821,6.796
1617272851,6.796
1617272881,6.796
1617272911,6.796
1617272941,6.796
1617272971,N.A
1617273001,N.A
1617273031,N.A
1617273061,N.A
1617273091,N.A
1617273121,N.A
1617273151,N.A
1617273181,N.A
1617273211,N.A
1617273241,N.A
1617273271,N.A
1617275676,0
1617275706,N.A
1617275736,N.A
1617275766,N.A
1617275796,N.A
1617275826,N.A
1617275857,N.A
1617275886,N.A
1617275916,N.A
1617275946,N.A
1617275976,N.A
1617276006,N.A
1617276036,N.A
1617276066,N.A
1617276096,N.A
1617276126,N.A
1617276158,N.A
1617276186,N.A
1617276216,N.A
1617276246,N.A
1617276276,0
1617276306,N.A
1617276336,N.A
1617276366,N.A
1617276396,N.A
1617276426,N.A
1617276457,N.A
1617276486,N.A
1617276516,6.793
1617276546,N.A
1617276576,N.A
1617276606,N.A
1617276636,N.A
1617276666,N.A
1617276696,N.A
1617276726,N.A
1617276757,N.A
1617276786,N.A
1617276816,N.A
1617276846,N.A
1617276876,N.A
1617276906,N.A
1617276936,N.A
1617276966,N.A
1617276996,N.A
1617277026,N.A
1617277057,N.A
1617277086,N.A
1617277116,N.A
1617277146,N.A
1617277176,N.A
1617277206,N.A
1617277236,N.A
1617277266,N.A
1617277296,N.A
1617277326,N.A
1617277357,N.A
1617277386,N.A
1617277416,N.A
1617277446,N.A
1617277476,N.A
1617277506,N.A
1617277536,N.A
1617277566,N.A
1617277596,N.A
1617277626,N.A
1617277657,N.A
1617277686,N.A
1617277716,N.A
1617277746,N.A
1617277776,N.A
1617277806,N.A
1617277836,N.A
1617277866,N.A
1617277896,N.A
1617277926,N.A
1617277957,N.A
1617277986,N.A
1617278016,N.A
1617278046,N.A
1617278076,N.A
1617278106,N.A
1617278136,N.A
1617278166,N.A
1617278196,N.A
1617278226,N.A
1617278257,N.A
1617278286,N.A
1617278316,N.A
1617278346,N.A
1617278376,N.A
1617278406,N.A
1617278436,N.A
1617278466,N.A
1617278496,N.A
1617278526,N.A
1617278558,N.A
1617278586,N.A
1617278616,N.A
1617278646,N.A
1617278676,N.A
1617278706,N.A
1617278736,N.A
1617278766,N.A
1617278796,N.A
1617278826,N.A
1617278857,N.A
1617278886,N.A
                 1617280211,6.797
1617280241,6.795
1617280271,6.798
1617280301,6.799
1617280331,6.8
1617280361,6.8
1617280686,0
1617280716,N.A
1617280746,N.A
1617280776,N.A
1617280806,N.A
1617280836,N.A
1617280866,N.A
1617280896,N.A
1617280926,N.A
1617280956,N.A
1617280986,N.A
1617281017,N.A
1617281046,N.A
1617281076,N.A
1617281106,N.A
1617281136,N.A
1617281166,N.A
1617281196,N.A
1617281226,N.A
1617281256,N.A
1617281286,N.A
1617281317,N.A
1617281346,N.A
1617281376,N.A
1617281406,N.A
1617281436,N.A
1617281466,N.A
1617281496,N.A
1617281526,N.A
1617281556,N.A
1617281586,N.A
1617281617,N.A
1617281646,N.A
1617281676,6.797
1617281706,6.796
1617281736,6.796
1617281766,6.796
1617281796,6.796
1617281826,6.796
1617281856,6.795
1617281886,6.795
1617281916,6.795
1617281946,6.795
1617281976,6.795
1617282006,6.795
1617282036,6.795
1617282066,N.A
1617282096,0
1617282126,N.A
1617282156,N.A
1617282186,N.A
1617282217,N.A
1617282246,N.A
1617282276,N.A
1617282306,N.A
1617282336,N.A
1617282366,N.A
1617282396,N.A
1617282426,N.A
1617282456,N.A
1617282486,N.A
1617282517,N.A
1617282546,N.A
1617282576,N.A
1617282606,N.A
1617282636,N.A
1617282666,N.A
1617282696,N.A
1617282726,N.A
1617282756,N.A
1617282786,N.A
1617282817,N.A
1617282846,N.A
1617282876,N.A
1617282906,N.A
1617282936,N.A
1617284969,6.793
1617284999,6.797
1617285029,N.A
1617285059,N.A
1617285089,N.A
1617285119,0
1617285149,N.A
1617285180,N.A
1617285209,N.A
1617285239,N.A
1617285269,N.A
1617285299,N.A
1617285329,N.A
1617285359,N.A
1617285389,N.A
1617285419,N.A
1617285449,N.A
1617285481,N.A
1617285509,N.A
1617285539,N.A
1617285569,N.A
1617285599,N.A
1617285629,N.A
1617285659,N.A
1617285689,N.A
1617285719,N.A
1617285749,N.A
1617287038,6.805
1617287068,N.A
1617287098,N.A
1617287128,0
1617287158,N.A
1617287188,N.A
1617287218,N.A
1617287248,N.A
1617287278,N.A
1617287308,N.A
1617287338,N.A
1617287368,N.A
1617287398,N.A
1617287429,N.A
1617287458,N.A
1617287488,6.795
1617287518,6.795
1617287548,6.795
1617287578,N.A
1617287608,N.A
1617287638,6.797
1617287668,N.A
1617287698,N.A
1617287728,N.A
1617287758,N.A
1617287788,0
1617291435,6.798
1617291465,N.A
1617291495,N.A
1617291525,N.A
1617291555,N.A
1617291585,N.A
1617291615,N.A
1617291645,N.A
1617291675,N.A
1617291705,N.A
1617291735,N.A
1617291765,N.A
1617291795,N.A
1617291825,N.A
1617291855,N.A
1617291885,N.A
1617291915,N.A
1617291945,N.A
1617293182,6.809
1617293212,6.809
1617293242,N.A
1617293272,N.A
1617293302,0
1617293332,N.A
1617293362,N.A
1617293392,N.A
1617293423,N.A
1617293452,N.A
1617293482,N.A
1617293512,N.A
1617293542,N.A
1617293572,N.A
1617293602,N.A
1617293632,N.A
1617293662,N.A
1617293692,N.A
1617293723,N.A
1617293752,N.A
1617293782,N.A
1617293812,N.A
1617293842,N.A
1617293872,N.A
1617293902,N.A
1617293932,N.A
1617293962,N.A
1617293992,N.A
1617294023,N.A
1617294052,N.A
1617294082,N.A
1617294112,N.A
1617294142,N.A
1617294172,N.A
1617294202,N.A
1617294232,N.A
1617294262,6.795
1617294292,6.795
1617294322,6.795
1617294352,6.799
1617294382,6.797
1617294412,N.A
1617294442,N.A
1617294472,0
1617294502,N.A
1617294532,N.A
1617294562,N.A
1617294592,N.A
1617294623,N.A
1617294652,N.A
1617294682,N.A
1617294712,N.A
1617294742,N.A
1617294772,N.A
1617294802,N.A
1617294832,N.A
1617294862,N.A
1617294892,N.A
1617294923,N.A
1617294952,N.A
1617294982,N.A
1617295012,N.A
1617295042,N.A
1617295072,N.A
1617295102,N.A
1617295132,N.A
1617295162,N.A
1617295192,N.A
1617295222,N.A
1617295252,N.A
1617295282,N.A
1617295312,N.A
1617295342,N.A
1617295372,N.A
1617295402,N.A
1617295432,N.A
1617295462,N.A
1617295492,N.A
1617296322,6.796
1617296352,N.A
1617297634,6.797
1617297664,6.7965
1617297694,6.797
1617297724,N.A
1617297754,N.A
1617297784,0
1617297814,N.A
1617297844,N.A
1617297875,N.A
1617297904,N.A
1617297934,N.A
1617297964,N.A
1617297994,N.A
1617298024,N.A
1617298054,N.A
1617298084,N.A
1617298114,N.A
1617298144,N.A
1617298175,N.A
1617298204,N.A
1617298234,N.A
1617298264,N.A
1617298294,N.A
1617298324,N.A
1617298354,N.A
1617298384,N.A
1617298414,N.A
1617298444,N.A
1617298475,N.A
1617298504,N.A
1617298534,N.A
1617298564,N.A
1617298594,N.A
1617298624,N.A
1617298654,N.A
1617298684,N.A
1617298714,N.A
1617298744,N.A
1617298775,N.A
1617298804,N.A
1617298834,6.803
1617298864,N.A
1617298894,N.A
1617298924,N.A
1617298954,N.A
1617298984,N.A
1617299014,N.A
1617299044,0
1617299075,N.A
1617299104,N.A
1617299134,N.A
1617299164,N.A
1617299194,N.A
1617299224,N.A
1617299254,N.A
1617299284,N.A
1617299314,N.A
1617299344,N.A
1617299375,N.A
1617299404,N.A
1617299434,N.A
1617299464,N.A
1617299494,N.A
1617299524,N.A
1617299554,N.A
1617299584,N.A
1617299614,N.A
1617299644,N.A
1617299675,N.A
1617299704,N.A
1617299734,N.A
1617299764,N.A
1617299794,N.A
1617299824,N.A
1617299854,N.A
1617299884,N.A
1617299914,N.A
1617299944,N.A
1617299974,N.A
1617300004,N.A
1617300034,N.A
1617300064,N.A
1617300094,N.A
1617300124,N.A
1617300154,N.A
1617300184,N.A
1617300214,N.A
1617300244,N.A
1617301163,0
1617301193,N.A
1617301223,N.A
1617301253,N.A
1617301283,6.797
1617301313,6.797
                 1617302352,6.798
1617302382,6.798
1617302412,6.798
1617302442,6.798
1617302472,6.798
1617302502,6.798
1617302532,6.798
1617302562,6.798
1617302592,6.798
1617302622,6.798
1617302652,6.798
1617302682,6.798
1617302712,6.798
1617302742,6.798
1617302772,6.798
1617302802,N.A
1617302832,N.A
1617302862,N.A
1617302893,N.A
1617302922,N.A
1617302952,N.A
1617302982,N.A
1617303012,N.A
1617303042,0
1617303072,N.A
1617303102,6.796
1617303132,N.A
1617303162,N.A
1617303192,N.A
1617303222,N.A
1617303252,N.A
1617303282,N.A
1617303312,N.A
1617303342,N.A
1617303372,N.A
1617303402,N.A
1617303432,N.A
1617303462,N.A
1617305330,6.795
1617305360,0
1617305390,N.A
1617305420,N.A
1617305450,N.A
1617305480,N.A
1617305510,N.A
1617305540,N.A
1617305571,N.A
1617305600,N.A
1617305630,N.A
1617305660,N.A
1617305690,N.A
1617305720,N.A
1617305750,N.A
1617305780,N.A
1617305810,N.A
1617305840,N.A
1617305870,N.A
1617305900,N.A
1617305930,N.A
1617305960,N.A
1617305990,N.A
1617306020,N.A
1617306050,N.A
1617306080,N.A
1617306110,N.A
1617306140,N.A
1617311206,6.804
1617311236,6.804
1617311266,6.804
1617311296,6.804
1617311326,6.804
1617311356,6.804
1617311386,N.A
1617311416,N.A
1617311446,0
1617311476,N.A
1617311506,N.A
1617311536,N.A
1617311566,N.A
1617311596,N.A
1617311626,N.A
1617311656,N.A
1617311686,N.A
1617311716,N.A
1617311747,N.A
1617311776,N.A
1617311806,N.A
1617311836,N.A
1617311866,N.A
1617311896,N.A
1617311926,N.A
1617311956,N.A
1617311986,N.A
1617312016,N.A
1617312047,N.A
1617312076,N.A
1617312106,N.A
1617312136,N.A
1617312166,N.A
1617312196,N.A
1617312226,N.A
1617312256,N.A
1617312286,N.A
1617312316,N.A
1617312348,N.A
1617312376,N.A
1617312406,N.A
1617312436,N.A
1617312466,N.A
1617312496,N.A
1617312526,N.A
1617312556,N.A
1617312586,N.A
1617312616,N.A
1617312647,N.A
1617312676,N.A
1617312706,N.A
1617312736,N.A
1617312766,N.A
1617312796,N.A
1617312826,N.A
1617312856,N.A
1617312886,N.A
1617312916,N.A
1617312948,N.A
1617312976,N.A
1617313006,N.A
1617313036,N.A
1617313066,N.A
1617313096,N.A
1617313126,N.A
1617313156,N.A
1617313186,N.A
1617313216,N.A
1617313247,N.A
1617313276,N.A
1617313306,N.A
1617313336,N.A
1617313366,N.A
1617313396,N.A
1617313426,N.A
1617313456,N.A
1617313486,N.A
1617313516,N.A
1617313547,N.A
1617313576,N.A
1617313606,N.A
1617313636,N.A
1617313666,N.A
1617313696,N.A
1617313726,N.A
1617313756,N.A
1617313786,N.A
1617313816,N.A
1617313847,N.A
1617313876,N.A
1617313906,N.A
1617313936,N.A
1617313966,N.A
1617313996,N.A
1617314026,N.A
1617314056,N.A
1617314086,N.A
1617314116,N.A
1617314148,N.A
1617314176,N.A
1617314206,N.A
1617314236,N.A
1617314266,N.A
1617314296,N.A
1617314326,N.A
1617314356,N.A
1617314386,N.A
1617314416,N.A
1617314447,N.A
1617314476,N.A
1617314506,N.A
1617314536,N.A
1617314566,N.A
1617314596,N.A
1617314626,N.A
1617314656,N.A
1617314686,N.A
1617314716,N.A
1617314747,N.A
1617314776,N.A
1617314806,N.A
1617314836,N.A
1617314866,N.A
1617314896,N.A
1617314926,N.A
1617314956,N.A
1617314986,N.A
1617315016,N.A
1617315047,N.A
1617315076,N.A
1617315106,N.A
1617315136,N.A
1617315166,N.A
1617315196,N.A
1617315226,N.A
1617315256,N.A
1617315286,N.A
1617315316,N.A
1617315347,N.A
1617315376,N.A
1617315406,N.A
1617315436,N.A
1617315466,N.A
1617315496,N.A
1617315526,N.A
1617315556,N.A
1617315586,N.A
1617315616,N.A
1617315647,N.A
1617315676,N.A
1617315706,N.A
1617315736,N.A
1617315766,N.A
1617315796,N.A
1617315826,N.A
1617315856,N.A
1617315886,N.A
1617315916,N.A
1617315947,N.A
1617315976,N.A
1617316006,N.A
1617316036,N.A
1617316066,N.A
1617316096,N.A
1617316126,N.A
1617316156,N.A
1617316186,N.A
1617316216,N.A
1617316248,N.A
1617316276,N.A
1617316306,N.A
1617316336,N.A
1617316366,N.A
1617316396,N.A
1617316426,N.A
1617316456,N.A
1617316486,N.A
1617316516,N.A
1617316547,N.A
1617316576,N.A
1617316606,N.A
1617316636,N.A
1617316666,N.A
1617316696,N.A
1617316726,N.A
1617316756,N.A
1617316786,N.A
1617316816,N.A
1617316847,N.A
1617316876,N.A
1617316906,N.A
1617316936,N.A
1617316966,0
1617316996,N.A
1617317026,N.A
1617317056,N.A
1617317086,N.A
1617317116,N.A
1617317147,N.A
1617317176,N.A
1617317206,N.A
1617317236,N.A
1617317266,N.A
1617317296,N.A
1617317326,N.A
1617317356,N.A
1617317386,N.A
1617317416,N.A
1617317446,N.A
1617317476,N.A
1617317506,N.A
1617317536,N.A
1617317566,N.A
1617317596,N.A
1617317626,N.A
1617317656,N.A
1617317686,N.A
1617317716,N.A
1617321542,6.791
1617321572,6.791
1617321602,6.791
1617321632,6.791
1617321662,6.791
1617321692,6.791
1617321722,6.791
1617321752,6.791
1617321782,6.791
1617321812,6.791
1617321842,6.791
1617321872,6.791
1617321902,6.791
1617321932,6.791
1617321962,6.791
1617321992,6.791
1617322022,6.791
1617322052,6.791
1617322082,6.791
1617322112,6.791
1617322142,6.791
1617322172,6.791
1617322202,6.791
1617322232,6.791
1617322262,6.791
1617322292,6.789
1617322322,6.79
1617322352,6.79
1617322382,6.79
1617322412,6.79
1617322442,6.79
1617322472,6.79
1617322502,6.791
1617322532,6.79
1617322562,6.79
1617322592,6.79
1617322622,6.79
1617322652,6.79
1617322682,6.79
1617322712,6.79
1617322742,6.79
1617322772,6.79
1617322802,6.79
1617322832,6.79
1617322862,6.79
1617322892,6.79
1617322922,6.79
1617322952,6.79
1617322982,6.79
1617323012,6.79
1617323042,6.79
1617323072,6.79
1617323102,6.787
1617323132,6.785
1617323162,6.785
1617323192,6.783
1617323222,6.782
1617323252,6.782
1617323282,6.782
1617323312,6.782
1617323342,6.782
1617323372,6.782
1617323402,6.782
1617323432,6.782
1617323462,6.782
1617323492,6.782
1617323522,6.782
1617323552,6.782
1617323582,6.782
1617323612,6.782
1617323642,6.782
1617323672,6.782
1617323702,6.782
1617323732,6.782
1617323762,6.782
1617323792,6.782
1617323822,6.782
1617323852,6.782
1617323882,6.782
1617323912,6.782
1617323942,6.782
1617323972,6.782
1617324002,6.782
1617324032,6.782
1617324062,6.782
1617324092,6.782
1617324122,6.782
1617324152,6.782
1617324182,6.782
1617324212,6.782
1617324242,6.782
1617324272,6.782
1617324302,6.782
1617324332,6.782
1617324362,6.782
1617324392,6.782
1617324422,6.782
1617324452,6.782
1617324482,6.782
1617324512,6.782
1617324542,6.782
1617324572,6.782
1617324602,6.782
1617324632,6.782
1617324662,6.782
1617324692,6.782
1617324722,6.782
1617324752,6.782
1617324782,6.782
1617324812,6.782
1617324842,6.782
1617324872,6.782
1617324902,6.782
1617324932,6.782
1617324962,6.782
1617324992,6.782
1617325022,6.782
1617325052,6.782
1617325082,6.782
1617325112,6.782
1617325142,6.782
1617325172,6.782
1617325202,6.782
1617325232,6.782
1617325262,6.782
1617325292,6.782
1617325322,6.782
1617325352,6.782
1617325382,6.782
1617325412,6.782
1617325442,6.782
1617325472,6.782
1617325502,6.782
1617325532,6.782
1617325562,6.782
1617325592,6.782
1617325622,6.782
1617325652,6.782
1617325682,6.782
1617325712,6.782
1617325742,6.782
1617325772,6.782
1617325802,6.782
1617325832,6.782
1617325862,6.782
1617325892,6.782
1617325922,6.782
1617325952,6.782
1617325982,6.782
1617326012,6.782
1617326042,6.782
1617326072,6.782
1617326102,6.782
1617326132,6.782
1617326162,6.782
1617326192,6.782
1617326222,6.782
1617326252,6.782
1617326282,6.782
1617326312,6.782
1617326342,6.782
1617326372,6.782
1617326402,6.782
1617326432,6.782
1617326462,6.782
1617326492,6.782
1617326522,6.782
1617326552,6.782
1617326582,6.782
1617326612,6.782
1617326642,6.787
1617326672,6.785
1617326702,6.785
1617326732,6.7835
1617326762,6.785
1617326792,6.785
1617326822,6.783
1617326852,6.789
1617326882,6.789
1617326912,6.789
1617326942,6.789
1617326972,6.789
1617327002,6.789
1617327032,6.789
1617327062,6.7815
1617327092,6.782
1617327122,6.782
1617327152,6.782
1617327182,6.782
1617327212,6.782
1617327242,6.782
1617327272,6.782
1617327302,6.782
1617327332,6.782
1617327362,6.782
1617327392,6.782
1617327422,6.782
1617327452,6.782
1617327482,6.782
1617327512,6.782
1617327542,6.782
1617327572,6.782
1617327602,6.782
1617327632,6.782
1617327662,6.782
1617327692,6.782
1617327722,6.782
1617327752,6.782
1617327782,6.782
1617327812,6.7835
1617327842,6.789
1617327872,6.789
1617327902,6.789
1617327932,6.789
1617327962,6.786
1617327992,6.782
1617328022,6.782
1617328052,6.782
1617328082,6.782
1617328112,6.782
1617328142,6.782
1617328172,6.782
1617328202,6.782
1617328232,6.782
1617328262,6.782
1617328292,6.782
1617328322,6.782
1617328352,6.782
1617328382,6.782
1617328412,6.782
1617328442,6.782
1617328472,6.782
1617328502,6.782
1617328532,6.782
1617328562,6.782
1617328592,6.782
1617328622,6.782
1617328652,6.782
1617328682,6.79
1617328712,6.787
1617328742,6.787
1617328772,6.787
1617328802,6.787
1617328832,6.787
1617328862,6.787
1617328892,6.787
1617328922,6.787
1617328952,6.787
1617328982,6.787
1617329012,6.787
1617329042,6.787
1617329072,6.787
1617329102,6.788
1617329132,6.79
1617329162,6.79
1617329192,6.79
1617329222,6.79
1617329252,6.79
1617329282,6.79
1617329312,6.79
1617329342,6.79
1617329372,6.79
1617329402,6.79
1617329432,6.79
1617329462,6.79
1617329492,6.79
1617329522,6.79
1617329552,6.79
1617329582,6.79
1617329612,6.79
1617329642,6.79
1617329672,6.79
1617329702,6.79
1617329732,6.79
1617329762,6.79
1617329792,6.79
1617329822,6.79
1617329852,6.79
1617329882,6.792
1617329912,6.79
1617329942,6.79
1617329972,6.79
1617330002,6.79
1617330032,6.79
1617330062,6.79
1617330092,6.79
1617330122,6.79
1617330152,6.79
1617330182,6.79
1617330212,6.79
1617330242,6.79
1617330272,6.79
1617330302,6.79
1617330332,6.79
1617330362,6.79
1617330392,6.79
1617330422,6.79
1617330452,6.79
1617330482,6.79
1617330512,6.79
1617330542,6.79
1617330572,6.79
1617330602,6.79
1617330632,6.79
1617330662,6.79
1617330692,6.79
1617330722,6.79
1617330752,6.79
1617330782,6.79
1617330812,6.79
1617330842,6.79
1617330872,6.79
1617330902,6.79
1617330932,6.79
1617330962,6.79
1617330992,6.79
1617331022,6.79
1617331052,6.79
1617331082,6.79
1617331112,6.79
1617331142,6.79
1617331172,6.79
1617331202,6.79
1617331232,6.79
1617331262,6.79
1617331292,6.79
1617331322,6.79
1617331352,6.79
1617331382,6.79
1617331412,6.79
1617331442,N.A
1617331472,N.A
1617331502,N.A
1617331532,N.A
1617331562,N.A
1617331592,N.A
1617331622,N.A
1617331652,N.A
1617331683,N.A
1617331712,N.A
1617331742,6.787
1617331772,6.787
1617331802,6.787
1617331832,6.787
1617331862,6.787
1617331892,6.787
1617331922,6.787
1617331952,6.787
1617331982,6.787
1617332012,6.787
1617332042,6.787
1617332072,6.787
1617332102,6.787
1617332132,6.787
1617332162,6.787
1617332192,6.787
1617332222,6.787
1617332252,6.787
1617332282,6.788
1617332312,6.789
1617332342,6.789
1617332372,6.789
1617332402,6.789
1617332432,6.789
1617332462,6.789
1617332492,6.789
1617332522,6.789
1617332552,6.789
1617332582,6.789
1617332612,6.789
1617332642,6.789
1617332672,6.789
1617332702,6.789
1617332732,6.789
1617332762,6.789
1617332792,6.789
1617332822,6.789
1617332852,6.789
1617332882,6.789
1617332912,6.789
1617332942,6.789
1617332972,6.789
1617333002,6.789
1617333032,6.789
1617333062,6.789
1617333092,6.789
1617333122,6.789
1617333152,6.789
1617333182,6.789
1617333212,6.789
1617333242,6.789
1617333272,6.789
1617333302,6.789
1617333332,6.789
1617333362,6.789
1617333392,6.789
1617333422,6.789
1617333452,6.789
1617333482,6.789
1617333512,6.789
1617333542,6.789
1617333572,6.789
1617333602,6.789
1617333632,6.789
1617333662,6.789
1617333692,6.789
1617333722,6.789
1617333752,6.789
1617333782,6.789
1617333812,6.789
1617333842,6.789
1617333872,6.789
1617333902,6.789
1617333932,6.789
1617333962,6.789
1617333992,6.789
1617334022,6.789
1617334052,6.789
1617334082,6.789
1617334112,6.789
1617334142,6.789
1617334172,6.789
1617334202,6.789
1617334232,6.789
1617334262,6.789
1617334292,6.789
1617334322,6.789
1617334352,6.789
1617334382,6.789
1617334412,6.789
1617334442,6.789
1617334472,6.789
1617334502,6.789
1617334532,6.789
1617334562,6.789
1617334592,6.789
1617334622,6.789
1617334652,6.789
1617334682,6.789
1617334712,6.789
1617334742,6.789
1617334772,6.789
1617334802,6.789
1617334832,6.789
1617334862,6.789
1617334892,6.789
1617334922,6.789
1617334952,6.789
1617334982,6.789
1617335012,6.789
1617335042,6.789
1617335072,6.789
1617335102,6.789
1617335132,6.789
1617335162,6.789
1617335192,6.789
1617335222,6.789
1617335252,6.789
1617335282,6.789
1617335312,6.789
1617335342,6.789
1617335372,6.789
1617335402,6.789
1617335432,6.789
1617335462,6.789
1617335492,6.789
1617335522,6.789
1617335552,6.789
1617335582,6.789
1617335612,6.789
1617335642,6.789
1617335672,6.789
1617335702,6.789
1617335732,6.789
1617335762,6.789
1617335792,6.789
1617335822,6.789
1617335852,6.789
1617335882,6.789
1617335912,6.789
1617335942,6.789
1617335972,6.789
1617336002,6.791
1617336032,6.79
1617336062,6.79
1617336092,6.79
1617336122,6.79
1617336152,6.79
1617336182,6.79
1617336212,6.79
1617336242,6.79
1617336272,6.79
1617336302,6.79
1617336332,6.79
1617336362,6.79
1617336392,6.79
1617336422,6.79
1617336452,6.79
1617336482,6.79
1617336512,6.79
1617336542,6.79
1617336572,6.79
1617336602,6.79
1617336632,6.79
1617336662,6.79
1617336692,6.79
1617336722,6.79
1617336752,6.79
1617336782,6.79
1617336812,6.79
1617336842,6.79
1617336872,6.79
1617336902,6.79
1617336932,6.79
1617336962,6.79
1617336992,6.79
1617337022,6.79
1617337052,6.79
1617337082,6.79
1617337112,6.79
1617337142,6.79
1617337172,6.79
1617337202,6.79
1617337232,6.79
1617337262,6.79
1617337292,6.79
1617337322,6.79
1617337352,6.79
1617337382,6.79
1617337412,6.79
1617337442,6.79
1617337472,6.79
1617337502,6.79
1617337532,6.79
1617337562,6.79
1617337592,6.79
1617337622,6.79
1617337652,6.79
1617337682,6.79
1617337712,6.79
1617337742,6.79
1617337772,6.79
1617337802,6.79
1617337832,6.79
1617337862,6.79
1617337892,6.79
1617337922,6.79
1617337952,6.79
1617337982,6.79
1617338012,6.79
1617338042,6.79
1617338072,6.79
1617338102,6.79
1617338132,6.79
1617338162,6.79
1617338192,6.79
1617338222,6.79
1617338252,6.79
1617338282,6.792
1617338312,6.787
1617338342,6.787
1617338372,6.787
1617338402,6.787
1617338432,6.787
1617338462,6.787
1617338492,6.787
1617338522,6.787
1617338552,6.787
1617338582,6.787
1617338612,6.787
1617338642,6.787
1617338672,6.787
1617338702,6.787
1617338732,6.787
1617338762,6.787
1617338792,6.787
1617338822,6.787
1617338852,6.787
1617338882,6.787
1617338912,6.787
1617338942,6.787
1617338972,6.787
1617339002,6.787
1617339032,6.787
1617339062,6.787
1617339092,6.787
1617339122,6.787
1617339152,6.787
1617339182,6.787
1617339212,6.787
1617339242,6.787
1617339272,6.787
1617339302,6.787
1617339332,6.787
1617339362,6.787
1617339392,6.787
1617339422,6.787
1617339452,6.787
1617339482,6.787
1617339512,6.787
1617339542,6.787
1617339572,N.A
1617339602,N.A
1617339632,0
1617339662,N.A
1617339692,N.A
1617339722,N.A
1617339752,N.A
1617339784,N.A
1617339812,N.A
1617339842,6.806
1617339872,6.806
1617339902,6.806
1617339932,6.806
1617339962,6.806
1617339992,6.806
1617340022,6.806
1617340052,6.806
1617340082,6.806
1617340112,6.806
1617340142,6.806
1617340172,6.806
1617340202,6.806
1617340232,6.806
1617340262,6.806
1617340292,6.806
1617340322,6.806
1617340352,6.806
1617340382,6.806
1617340412,6.806
1617340442,6.806
1617340472,6.806
1617340502,6.806
1617340532,6.806
1617340562,6.806
1617340592,6.806
1617340622,6.806
1617340652,6.806
1617340682,6.806
1617340712,6.806
1617340742,6.806
1617340772,6.806
1617340802,6.806
1617340832,6.806
1617340862,6.806
1617340892,6.806
1617340922,6.806
1617340952,6.806
1617340982,6.806
1617341012,6.806
1617341042,6.806
1617341072,6.806
1617341102,6.806
1617341132,6.806
1617341162,6.806
1617341192,6.806
1617341222,6.806
1617341252,6.806
1617341282,6.806
1617341312,6.806
1617341342,6.806
1617341372,6.806
1617341402,6.806
1617341432,6.806
1617341462,6.806
1617341492,6.806
1617341522,6.806
1617341552,6.806
1617341582,6.806
1617341612,6.806
1617341642,6.806
1617341672,6.806
1617341702,6.806
1617341732,6.806
1617341762,6.806
1617341792,6.806
1617341822,6.806
1617341852,6.806
1617341882,6.806
1617341912,6.806
1617341942,6.806
1617341972,6.806
1617342002,6.806
1617342032,6.806
1617342062,6.806
1617342092,6.806
1617342122,6.806
1617342152,6.806
1617342182,6.806
1617342212,6.806
1617342242,6.806
1617342272,6.806
1617342302,6.806
1617342332,6.806
1617342362,6.806
1617342392,6.806
1617342422,6.806
1617342452,6.806
1617342482,6.806
1617342512,6.806
1617342542,6.806
1617342572,6.806
1617342602,6.806
1617342632,6.806
1617342662,6.806
1617342692,6.806
1617342722,6.806
1617342752,6.803
1617342782,6.805
1617342812,6.805
1617342842,6.805
1617342872,6.805
1617342902,6.805
1617342932,6.805
1617342962,6.805
1617342992,6.805
1617343022,6.805
1617343052,6.805
1617343082,6.805
1617343112,6.805
1617343142,6.805
1617343172,6.806
1617343202,6.808
1617343232,6.808
1617343262,6.808
1617343292,6.808
1617343322,6.808
1617343352,6.808
1617343382,6.808
1617343412,6.808
1617343442,6.808
1617343472,6.808
1617343502,6.808
1617343532,6.808
1617343562,6.808
1617343592,6.808
1617343622,6.808
1617343652,6.808
1617343682,6.808
1617343712,6.808
1617343742,6.808
1617343772,6.808
1617343802,6.808
1617343832,6.808
1617343862,6.808
1617343892,6.808
1617343922,6.808
1617343952,6.808
1617343982,6.808
1617344012,6.808
1617344042,6.808
1617344072,6.808
1617344102,6.808
1617344132,6.808
1617344162,6.808
1617344192,6.808
1617344222,6.808
1617344252,6.808
1617344282,6.807
1617344312,6.805
1617344342,6.805
1617344372,6.805
1617344402,6.805
1617344432,6.805
1617344462,6.805
1617344492,6.805
1617344522,6.805
1617344552,6.805
1617344582,6.803
1617344612,6.807
1617344642,6.807
1617344672,6.807
1617344702,6.807
1617344732,6.807
1617344762,6.807
1617344792,6.807
1617344822,6.807
1617344852,6.807
1617344882,6.807
1617344912,6.807
1617344942,6.807
1617344972,6.807
1617345002,6.807
1617345032,6.8045
1617345062,6.806
1617345092,6.806
1617345122,6.806
1617345152,6.806
1617345182,6.806
1617345212,6.806
1617345242,6.806
1617345272,6.806
1617345302,6.806
1617345332,6.806
1617345362,6.806
1617345392,6.806
1617345422,6.806
1617345452,6.806
1617345482,6.806
1617345512,6.806
1617345542,6.806
1617345572,6.806
1617345602,N.A
1617345632,N.A
1617345662,N.A
1617345692,N.A
1617345722,N.A
1617345752,N.A
1617345783,N.A
1617345812,N.A
1617345842,6.809
1617345872,6.809
1617345902,6.809
1617345932,6.809
1617345962,6.809
1617345992,6.809
1617346022,6.809
1617346052,6.809
1617346082,6.809
1617346112,6.809
1617346142,6.809
1617346172,6.809
1617346202,6.809
1617346232,6.809
1617346262,6.809
1617346292,6.809
1617346322,6.809
1617346352,6.809
1617346382,6.809
1617346412,6.809
1617346442,6.809
1617346472,6.809
1617346502,6.809
1617346532,6.809
1617346562,6.809
1617346592,6.809
1617346622,6.809
1617346652,6.809
1617346682,6.809
1617346712,6.809
1617346742,6.809
1617346772,6.809
1617346802,6.809
1617346832,6.809
1617346862,6.809
1617346892,6.809
1617346922,6.809
1617346952,6.809
1617346982,6.809
1617347012,6.8075
1617347042,6.806
1617347072,6.806
1617347102,6.806
1617347132,6.806
1617347162,6.806
1617347192,6.806
1617347222,6.806
1617347252,6.806
1617347282,6.806
1617347312,6.806
1617347342,6.806
1617347372,6.806
1617347402,6.806
1617347432,6.806
1617347462,6.806
1617347492,6.806
1617347522,6.806
1617347552,6.806
1617347582,6.806
1617347612,6.806
1617347642,6.806
1617347672,6.806
1617347702,6.806
1617347732,6.806
1617347762,6.806
1617347792,6.806
1617347822,6.806
1617347852,6.806
1617347882,6.806
1617347912,6.806
1617347942,6.806
1617347972,6.806
1617348002,6.806
1617348032,6.806
1617348062,6.806
1617348092,6.806
1617348122,6.806
1617348152,6.806
1617348182,6.806
1617348212,6.806
1617348242,6.806
1617348272,6.806
1617348302,6.806
1617348332,6.806
1617348362,6.806
1617348392,6.806
1617348422,6.806
1617348452,6.806
1617348482,6.806
1617348512,6.806
1617348542,6.806
1617348572,6.806
1617348602,6.806
1617348632,6.806
1617348662,N.A
1617348692,0
1617348722,N.A
1617348752,N.A
1617348783,N.A
1617348812,N.A
1617348842,6.796
1617348872,6.796
1617348902,6.796
1617348932,6.796
1617348962,6.796
1617348992,6.796
1617349022,6.796
1617349052,6.796
1617349082,6.796
1617349112,6.796
1617349142,6.796
1617349172,6.796
1617349202,6.796
1617349232,6.796
1617349262,6.796
1617349292,6.796
1617349322,6.796
1617349352,6.796
1617349382,6.796
1617349412,6.796
1617349442,6.796
1617349472,6.796
1617349502,N.A
1617349532,0
1617349562,N.A
1617349592,N.A
1617349622,N.A
1617349652,N.A
1617349683,N.A
1617349712,N.A
1617349742,6.807
1617349772,6.807
1617349802,6.807
1617349832,6.807
1617349862,6.807
1617349892,6.807
1617349922,6.807
1617349952,6.807
1617349982,6.807
1617350012,6.807
1617350042,N.A
1617350072,N.A
1617350102,N.A
1617350132,N.A
1617350162,N.A
1617350192,N.A
1617350222,N.A
1617350252,N.A
1617350283,N.A
1617350312,N.A
1617350342,6.813
1617350372,6.813
1617350402,6.813
1617350432,6.813
1617350464,6.813
1617350492,6.813
1617350522,6.813
1617350552,6.813
1617350582,6.813
1617350612,6.813
1617350642,6.813
1617350672,6.813
1617350702,6.813
1617350732,6.813
1617350762,6.813
1617350792,6.813
1617350822,6.813
1617350852,6.813
1617350882,6.813
1617350912,6.813
1617350942,6.8085
1617350972,6.808
1617351002,6.808
1617351032,6.808
1617351062,6.808
1617351092,6.808
1617351122,6.808
1617351152,6.808
1617351182,6.808
1617351212,6.808
1617351242,6.808
1617351272,6.808
1617351302,6.808
1617351332,6.808
1617351362,6.808
1617351392,6.808
1617351422,6.808
1617351452,6.808
1617351482,6.808
1617351512,6.808
1617351542,6.808
1617351572,6.808
1617351602,6.808
1617351632,6.808
1617351662,6.808
1617351692,6.808
1617351722,6.808
1617351752,6.808
1617351782,6.808
1617351812,6.808
1617351842,6.808
1617351872,6.808
1617351902,6.808
1617351932,6.808
1617351962,6.808
1617351992,6.808
1617352022,6.808
1617352052,6.808
1617352082,6.808
1617352112,6.808
1617352142,6.808
1617352172,6.808
1617352202,6.808
1617352232,6.808
1617352262,6.808
1617352292,6.808
1617352322,6.808
1617352352,6.808
1617352382,6.808
1617352412,6.808
1617352442,6.808
1617352472,6.808
1617352502,6.808
1617352532,6.808
1617352562,6.808
1617352592,6.808
1617352622,6.811
1617352652,6.811
1617352682,6.811
1617352712,6.811
1617352742,6.811
1617352772,6.811
1617352802,6.811
1617352832,6.811
1617352862,6.811
1617352892,6.811
1617352922,6.811
1617352952,6.811
1617352982,6.811
1617353012,6.811
1617353042,6.811
1617353072,6.811
1617353102,6.811
1617353132,6.811
1617353162,6.811
1617353192,6.811
1617353222,6.811
1617353252,6.811
1617353282,6.811
1617353312,6.811
1617353342,6.811
1617353372,6.811
1617353402,6.811
1617353432,6.811
1617353462,6.811
1617353492,6.811
1617353522,6.811
1617353552,6.811
1617353582,6.811
1617353612,N.A
1617353642,N.A
1617353672,N.A
1617353702,0
1617353732,N.A
1617353762,N.A
1617353792,N.A
1617353822,N.A
1617353852,N.A
1617353883,N.A
1617353912,N.A
1617353942,6.807
1617353972,6.807
1617354002,6.807
1617354032,6.807
1617354062,6.807
1617354092,6.807
1617354122,6.807
1617354152,6.807
1617354182,6.807
1617354212,6.807
1617354242,6.807
1617354272,6.807
1617354302,6.807
1617354332,6.807
1617354362,6.807
1617354392,6.807
1617354422,6.807
1617354452,6.807
1617354482,6.807
1617354512,6.807
1617354542,6.807
1617354572,6.807
1617354602,6.807
1617354632,6.807
1617354662,6.807
1617354692,6.807
1617354722,6.807
1617354752,6.808
1617354782,6.807
1617354812,6.812
1617354842,6.812
1617354872,6.812
1617354902,6.812
1617354932,6.812
1617354962,6.812
1617354992,6.812
1617355022,6.812
1617355052,6.812
1617355082,6.812
1617355112,6.812
1617355142,6.812
1617355172,6.812
1617355202,6.812
1617355232,6.812
1617355262,6.812
1617355292,6.812
1617355322,6.812
1617355352,6.812
1617355382,6.812
1617355412,6.812
1617355442,6.812
1617355472,6.812
1617355502,6.812
1617355532,6.812
1617355562,6.812
1617355592,6.812
1617355622,6.812
1617355652,6.812
1617355682,N.A
1617355712,N.A
1617355742,0
1617355772,N.A
1617355802,N.A
1617355832,N.A
1617355862,N.A
1617355892,N.A
1617355922,N.A
1617355952,N.A
1617355983,N.A
1617356012,N.A
1617356042,6.807
1617356072,6.807
1617356102,6.807
1617356132,6.807
1617356162,6.807
1617356192,6.807
1617356222,6.807
1617356252,6.807
1617356282,6.807
1617356312,6.807
1617356342,6.807
1617356372,6.807
1617356402,6.807
1617356432,6.807
1617356462,6.807
1617356492,6.807
1617356522,6.807
1617356552,6.807
1617356582,6.807
1617356612,6.807
1617356642,6.807
1617356672,6.807
1617356702,6.807
1617356732,6.807
1617356762,6.807
1617356792,6.807
1617356822,6.807
1617356852,6.807
1617356882,6.807
1617356912,6.807
1617356942,6.807
1617356972,6.807
1617357002,6.807
1617357032,6.807
1617357062,6.807
1617357092,6.807
1617357122,6.807
1617357152,6.807
1617357182,6.807
1617357212,6.807
1617357242,6.807
1617357272,6.807
1617357302,6.807
1617357332,6.807
1617357362,6.807
1617357392,6.81
1617357422,6.811
1617357452,6.811
1617357482,6.811
1617357512,6.811
1617357542,6.811
1617357572,6.811
1617357602,6.811
1617357632,6.811
1617357662,6.811
1617357692,6.811
1617357722,6.811
1617357752,6.811
1617357782,6.811
1617357812,6.8085
1617357842,6.807
1617357872,6.808
1617357902,6.808
1617357932,6.808
1617357962,6.808
1617357992,6.808
1617358022,6.808
1617358052,6.808
1617358082,6.808
1617358112,6.808
1617358142,6.808
1617358172,6.808
1617358202,6.808
1617358232,6.808
1617358262,6.808
1617358292,6.808
1617358322,6.808
1617358352,6.808
1617358382,6.808
1617358412,6.808
1617358442,6.808
1617358472,6.808
1617358502,6.808
1617358532,6.808
1617358562,6.808
1617358592,6.808
1617358622,6.808
1617358652,6.808
1617358682,6.808
1617358712,6.808
1617358742,6.808
1617358772,6.808
1617358802,6.808
1617358832,6.808
1617358862,6.808
1617358892,6.808
1617358922,6.808
1617358952,6.808
1617358982,6.808
1617359012,6.808
1617359042,6.808
1617359072,6.808
1617359102,6.808
1617359132,6.808
1617359162,6.808
1617359192,6.808
1617359222,6.808
1617359252,6.808
1617359282,6.808
1617359312,6.808
1617359342,6.808
1617359372,6.808
1617359402,N.A
1617359432,0
1617359462,N.A
1617359492,N.A
1617359522,N.A
1617359552,N.A
1617359583,N.A
1617359612,N.A
1617359642,6.8
1617359672,6.8
1617359702,6.8
1617359732,6.8
1617359762,6.8
1617359792,6.8
1617359822,6.8
1617359852,6.8
1617359882,6.8
1617359912,6.8
1617359942,6.8
1617359972,6.8
1617360002,6.8
1617360032,6.8
1617360062,6.8
1617360092,6.8
1617360122,6.8
1617360152,6.8
1617360182,6.8
1617360212,6.8
1617360242,6.8
1617360272,6.8
1617360302,6.8
1617360332,6.8
1617360362,6.8
1617360392,6.8
1617360422,6.8
1617360452,6.8
1617360482,6.8
1617360512,6.8
1617360542,6.8
1617360572,6.8
1617360602,6.8
1617360632,6.8
1617360662,6.8
1617360692,6.8
1617360722,6.8
1617360752,6.8
1617360782,6.8
1617360812,6.8
1617360842,6.8
1617360872,6.8
1617360902,6.8
1617360932,6.8
1617360962,6.8
1617360992,6.8
1617361022,6.8
1617361052,6.8
1617361082,6.8
1617361112,6.8
1617361142,6.8
1617361172,6.8
1617361202,6.8
1617361232,6.8
1617361262,6.8
1617361292,6.8
1617361322,6.8
1617361352,6.8
1617361382,6.8
1617361412,6.8
1617361442,6.8
1617361472,6.8
1617361502,6.8
1617361532,6.8
1617361562,6.8
1617361592,6.8
1617361622,6.8
1617361652,6.8
1617361682,6.8
1617361712,6.8
1617361742,6.8
1617361772,6.8
1617361802,6.8
1617361832,6.8
1617361862,6.8
1617361892,6.8
1617361922,6.8
1617361952,6.8
1617361982,6.8
1617362012,6.8
1617362042,6.8
1617362072,6.8
1617362102,6.8
1617362132,6.8
1617362162,6.8
1617362192,6.8
1617362222,6.8
1617362252,6.8
1617362282,6.8
1617362312,6.8
1617362342,6.8
1617362372,6.8
1617362402,6.8
1617362432,6.8
1617362462,6.8
1617362492,6.8
1617362522,6.8
1617362552,6.8
1617362582,6.8
1617362612,6.8
1617362642,6.8
1617362672,6.8
1617362702,6.8
1617362732,6.8
1617362762,6.8
1617362792,6.8
1617362822,6.8
1617362852,6.8
1617362882,6.8
1617362912,6.8
1617362942,6.8
1617362972,6.8
1617363002,6.8
1617363032,6.8
1617363062,6.8
1617363092,6.8
1617363122,6.8
1617363152,6.8
1617363182,6.8
1617363212,6.8
1617363242,6.8
1617363272,6.8
1617363302,6.8
1617363332,6.8
1617363362,6.8
1617363392,6.8
1617363422,6.8
1617363452,6.8
1617363482,6.8
1617363512,6.8
1617363542,6.8
1617363572,6.8
1617363602,6.8
1617363632,6.8
1617363662,6.8
1617363692,6.8
1617363722,6.8
1617363752,6.8
1617363782,6.8
1617363812,6.8
1617363842,6.8
1617363872,6.8
1617363902,6.8
1617363932,6.8
1617363962,6.8
1617363992,6.8
1617364022,6.8
1617364052,6.8
1617364082,6.8
1617364112,6.8
1617364142,6.8
1617364172,6.8
1617364202,6.8
1617364232,6.8
1617364262,6.8
1617364292,6.8
1617364322,6.8
1617364352,6.8
1617364382,6.8
1617364412,6.8
1617364442,6.8
1617364472,6.8
1617364502,6.8
1617364532,6.8
1617364562,6.8
1617364592,6.8
1617364622,6.8
1617364652,6.8
1617364682,6.8
1617364712,6.8
1617364742,6.8
1617364772,6.8
1617364802,6.8
1617364832,6.8
1617364862,6.8
1617364892,6.8
1617364922,6.8
1617364952,6.8
1617364982,6.8
1617365012,6.8
1617365042,6.8
1617365072,6.8
1617365102,6.8
1617365132,6.8
1617365162,6.8
1617365192,6.8
1617365222,6.8
1617365252,6.8
1617365282,6.8
1617365312,6.8
1617365342,6.8
1617365372,6.8
1617365402,6.8
1617365432,6.8
1617365462,6.8
1617365492,6.8
1617365522,6.8
1617365552,6.8
1617365582,6.8
1617365612,6.8
1617365642,6.793
1617365672,6.797
1617365702,6.797
1617365732,6.797
1617365762,6.797
1617365792,6.797
1617365822,6.797
1617365852,6.795
1617365882,6.795
1617365912,6.795
1617365942,6.795
1617365972,6.795
1617366002,6.795
1617366032,6.795
1617366062,6.795
1617366092,6.795
1617366122,6.795
1617366152,6.795
1617366182,6.795
1617366212,6.795
1617366242,6.795
1617366272,6.795
1617366302,6.795
1617366332,6.795
1617366362,6.795
1617366392,6.795
1617366422,6.795
1617366452,6.795
1617366482,6.795
1617366512,6.795
1617366542,6.795
1617366572,6.795
1617366602,6.795
1617366632,6.795
1617366662,6.795
1617366692,6.795
1617366722,6.795
1617366752,6.795
1617366782,6.795
1617366812,6.795
1617366842,6.795
1617366872,6.795
1617366902,6.795
1617366932,6.795
1617366962,6.795
1617366992,6.795
1617367022,6.795
1617367052,6.795
1617367082,6.795
1617367112,6.795
1617367142,6.795
1617367172,6.795
1617367202,6.795
1617367232,6.795
1617367262,6.795
1617367292,6.795
1617367322,6.795
1617367352,6.795
1617367382,6.795
1617367412,6.795
1617367442,6.795
1617367472,6.795
1617367502,6.795
1617367532,6.795
1617367562,6.795
1617367592,6.795
1617367622,6.795
1617367652,6.795
1617367682,6.795
1617367712,6.795
1617367742,6.795
1617367772,6.795
1617367802,6.795
1617367832,6.795
1617367862,6.795
1617367892,6.795
1617367922,6.795
1617367952,N.A
1617367982,N.A
1617368012,N.A
1617368042,0
1617368072,N.A
1617368102,N.A
1617368132,N.A
1617368162,N.A
1617368192,N.A
1617368222,N.A
1617368252,N.A
1617368283,N.A
1617368312,N.A
1617368342,6.801
1617368372,6.801
1617368402,6.801
1617368432,6.801
1617368462,6.801
1617368492,6.801
1617368522,6.801
1617368552,6.801
1617368582,6.801
1617368612,6.801
1617368642,6.801
1617368672,6.801
1617368702,6.801
1617368732,6.801
1617368762,6.801
1617368792,6.801
1617368822,6.801
1617368852,6.801
1617368882,6.801
1617368912,6.801
1617368942,6.801
1617368972,6.801
1617369002,6.801
1617369032,6.801
1617369062,6.801
1617369092,6.801
1617369122,6.801
1617369152,6.801
1617369182,6.801
1617369212,6.801
1617369242,6.801
1617369272,6.801
1617369302,6.801
1617369332,6.801
1617369362,6.801
1617369392,6.801
1617369422,6.801
1617369452,6.801
1617369482,6.801
1617369512,6.801
1617369542,6.801
1617369572,6.801
1617369602,6.801
1617369632,6.801
1617369662,6.801
1617369692,6.801
1617369722,6.801
1617369752,6.801
1617369782,6.801
1617369812,N.A
1617369842,N.A
1617369872,N.A
1617369902,0
1617369932,N.A
1617369962,N.A
1617369992,N.A
1617370022,N.A
1617370052,N.A
1617370083,N.A
1617370112,N.A
1617370142,6.8
1617370172,6.8
1617370202,6.8
1617370232,6.8
1617370262,6.8
1617370292,6.8
1617370322,6.8
1617370352,6.8
1617370382,6.8
1617370412,6.8
1617370442,6.8
1617370472,6.8
1617370502,6.8
1617370532,6.8
1617370562,6.8
1617370592,6.8
1617370622,6.8
1617370652,6.805
1617370682,6.803
1617370712,6.803
1617370742,6.803
1617370772,6.803
1617370802,6.803
1617370832,6.803
1617370862,6.803
1617370892,6.803
1617370922,6.803
1617370952,6.803
1617370982,6.803
1617371012,6.803
1617371042,6.803
