Epoch,Text_id_setup_0510
1617210001,0
1617210031,0
1617210061,0
1617210091,0
1617210121,0
1617210151,0
1617210181,0
1617210211,0
1617210241,0
1617210271,0
1617210301,0
1617210331,0
1617210361,0
1617210391,0
1617210421,0
1617210451,0
1617210481,0
1617210511,0
1617210541,0
1617210571,0
1617210601,0
1617210631,0
1617210661,0
1617210691,0
1617210721,0
1617210751,0
1617210781,0
1617210811,0
1617210841,0
1617210871,0
1617210901,0
1617210931,0
1617210961,0
1617210991,0
1617211021,0
1617211051,0
1617211081,0
1617211111,0
1617211141,0
1617211171,0
1617211201,0
1617211231,0
1617211261,0
1617211291,0
1617211321,0
1617211351,0
1617211381,0
1617211411,0
1617211441,0
1617211471,0
1617211501,0
1617211531,0
1617211561,0
1617211591,0
1617211621,0
1617211651,0
1617211681,0
1617211711,0
1617211741,0
1617211771,0
1617211801,0
1617211831,0
1617211861,0
1617211891,0
1617211921,0
1617211951,0
1617211981,0
1617212011,0
1617212041,0
1617212071,0
1617212101,0
1617212131,0
1617212161,0
1617212191,0
1617212221,0
1617212251,0
1617212281,0
1617212311,0
1617212341,0
1617212371,0
1617212401,0
1617212431,0
1617212461,0
1617212491,0
1617212521,0
1617212551,0
1617212581,0
1617212611,0
1617212641,0
1617212671,0
1617212701,0
1617212731,0
1617212761,0
1617212791,0
1617212821,0
1617212851,0
1617212881,0
1617212911,0
1617212941,0
1617212971,0
1617213001,0
1617213031,0
1617213061,0
1617213091,0
1617213121,0
1617213151,0
1617213181,0
1617213211,0
1617213241,0
1617213271,0
1617213301,0
1617213331,0
1617213361,0
1617213391,0
1617213421,0
1617213451,0
1617213481,0
1617213511,0
1617213541,0
1617213571,0
1617213601,0
1617213631,0
1617213661,0
1617213691,0
1617213721,0
1617213751,0
1617213781,0
1617213811,0
1617213841,0
1617213871,0
1617213901,0
1617213931,0
1617213961,0
1617213991,0
1617214021,0
1617214051,0
1617214081,0
1617214111,0
1617214141,0
1617214171,0
1617214201,0
1617214231,0
1617214261,0
1617214291,0
1617214321,0
1617214351,0
1617214381,0
1617214411,0
1617214441,0
1617214471,0
1617214501,0
1617214531,0
1617214561,0
1617214591,0
1617214621,0
1617214651,0
1617214681,0
1617214711,0
1617214741,0
1617214771,0
1617214801,0
1617214831,0
1617214861,0
1617214891,0
1617214921,0
1617214951,0
1617214981,0
1617215011,0
1617215041,0
1617215071,0
1617215101,0
1617215131,0
1617215161,0
1617215191,0
1617215221,0
1617215251,0
1617215281,0
1617215311,0
1617215341,0
1617215371,0
1617215401,0
1617215431,0
1617215461,0
1617215491,0
1617215521,0
1617215551,0
1617215581,0
1617215611,0
1617215641,0
1617215671,0
1617215701,0
1617215731,0
1617215761,0
1617215791,0
1617215821,0
1617215851,0
1617215881,0
1617215911,0
1617215941,0
1617215971,0
1617216001,0
1617216031,0
1617216061,0
1617216091,0
1617216121,0
1617216151,0
1617216181,0
1617216211,0
1617216241,0
1617216271,0
1617216301,0
1617216331,0
1617216361,0
1617216391,0
1617216421,0
1617216451,0
1617216481,0
1617216511,0
1617216541,0
1617216571,0
1617216601,0
1617216631,0
1617216661,0
1617216691,0
1617216721,0
1617216751,0
1617216781,0
1617216811,0
1617216841,0
1617216871,0
1617216901,0
1617216931,0
1617216961,0
1617216991,0
1617217021,0
1617217051,0
1617217081,0
1617217111,0
1617217141,0
1617217171,0
1617217201,0
1617217231,0
1617217261,0
1617217291,0
1617217321,0
1617217351,0
1617217381,0
1617217411,0
1617217441,0
1617217471,0
1617217501,0
1617217531,0
1617217561,0
1617217591,0
1617217621,0
1617217651,0
1617217681,0
1617217711,0
1617217741,0
1617217771,0
1617217801,0
1617217831,0
1617217861,0
1617217891,0
1617217921,0
1617217951,0
1617217981,0
1617218011,0
1617218041,0
1617218071,0
1617218101,0
1617218131,0
1617218161,0
1617218191,0
1617218221,0
1617218251,0
1617218281,0
1617218311,0
1617218341,0
1617218371,0
1617218401,0
1617218431,0
1617218461,0
1617218491,0
1617218521,0
1617218551,0
1617218581,0
1617218611,0
1617218641,0
1617218671,0
1617218701,0
1617218731,0
1617218761,0
1617218791,0
1617218821,0
1617218851,0
1617218881,0
1617218911,0
1617218941,0
1617218971,0
1617219001,0
1617219031,0
1617219061,0
1617219091,0
1617219121,0
1617219151,0
1617219181,0
1617219211,0
1617219241,0
1617219271,0
1617219301,0
1617219331,0
1617219361,0
1617219391,0
1617219421,0
1617219451,0
1617219481,0
1617219511,0
1617219541,0
1617219571,0
1617219601,0
1617219631,0
1617219661,0
1617219691,0
1617219721,0
1617219751,0
1617219781,0
1617219811,0
1617219841,0
1617219871,0
1617219901,0
1617219931,0
1617219961,0
1617219991,0
1617220021,0
1617220051,0
1617220081,0
1617220111,0
1617220141,0
1617220171,0
1617220201,0
1617220231,0
1617220261,0
1617220291,0
1617220321,0
1617220351,0
1617220381,0
1617220411,0
1617220441,0
1617220471,0
1617220501,0
1617220531,0
1617220561,0
1617220591,0
1617220621,0
1617220651,0
1617220681,0
1617220711,0
1617220741,0
1617220771,0
1617220801,0
1617220831,0
1617220861,0
1617220891,0
1617220921,0
1617220951,0
1617220981,0
1617221011,0
1617221041,0
1617221071,0
1617221101,0
1617221131,0
1617221161,0
1617221191,0
1617221221,0
1617221251,0
1617221281,0
1617221311,0
1617221341,0
1617221371,0
1617221401,0
1617221431,0
1617221461,0
1617221491,0
1617221521,0
1617221551,0
1617221581,0
1617221611,0
1617221641,0
1617221671,0
1617221701,0
1617221731,0
1617221761,0
1617221791,0
1617221821,0
1617221851,0
1617221881,0
1617221911,0
1617221941,0
1617221971,0
1617222001,0
1617222031,0
1617222061,0
1617222091,0
1617222121,0
1617222151,0
1617222181,0
1617222211,0
1617222241,0
1617222271,0
1617222301,0
1617222331,0
1617222361,0
1617222391,0
1617222421,0
1617222451,0
1617222481,0
1617222511,0
1617222541,0
1617222571,0
1617222601,0
1617222631,0
1617222661,0
1617222691,0
1617222721,0
1617222751,0
1617222781,0
1617222811,0
1617222841,0
1617222871,0
1617222901,0
1617222931,0
1617222961,0
1617222991,0
1617223021,0
1617223051,0
1617223081,0
1617223111,0
1617223141,0
1617223171,0
1617223201,0
1617223231,0
1617223261,0
1617223291,0
1617223321,0
1617223351,0
1617223381,0
1617223411,0
1617223441,0
1617223471,0
1617223501,0
1617223531,0
1617223561,0
1617223591,0
1617223621,0
1617223651,0
1617223681,0
1617223711,0
1617223741,0
1617223771,0
1617223801,0
1617223831,0
1617223861,0
1617223891,0
1617223921,0
1617223951,0
1617223981,0
1617224011,0
1617224041,0
1617224071,0
1617224101,0
1617224131,0
1617224161,0
1617224191,0
1617224221,0
1617224251,0
1617224281,0
1617224311,0
1617224341,0
1617224371,0
1617224401,0
1617224431,0
1617224461,0
1617224491,0
1617224521,0
1617224551,0
1617224581,0
1617224611,0
1617224641,0
1617224671,0
1617224701,0
1617224731,0
1617224761,0
1617224791,0
1617224821,0
1617224851,0
1617224881,0
1617224911,0
1617224941,0
1617224971,0
1617225001,0
1617225031,0
1617225061,0
1617225091,0
1617225121,0
1617225151,0
1617225181,0
1617225211,0
1617225241,0
1617225271,0
1617225301,0
1617225331,0
1617225361,0
1617225391,0
1617225421,0
1617225451,0
1617225481,0
1617225511,0
1617225541,0
1617225571,0
1617225601,0
1617225631,0
1617225661,0
1617225691,0
1617225721,0
1617225751,0
1617225781,0
1617225811,0
1617225841,0
1617225871,0
1617225901,0
1617225931,0
1617225961,0
1617225991,0
1617226021,0
1617226051,0
1617226081,0
1617226111,0
1617226141,0
1617226171,0
1617226201,0
1617226231,0
1617226261,0
1617226291,0
1617226321,0
1617226351,0
1617226381,0
1617226411,0
1617226441,0
1617226471,0
1617226501,0
1617226531,0
1617226561,0
1617226591,0
1617226621,0
1617226651,0
1617226681,0
1617226711,0
1617226741,0
1617226771,0
1617226801,0
1617226831,0
1617226861,0
1617226891,0
1617226921,0
1617226951,0
1617226981,0
1617227011,0
1617227041,0
1617227071,0
1617227101,0
1617227131,0
1617227161,0
1617227191,0
1617227221,0
1617227251,0
1617227281,0
1617227311,0
1617227341,0
1617227371,0
1617227401,0
1617227431,0
1617227461,0
1617227491,0
1617227521,0
1617227551,0
1617227581,0
1617227611,0
1617227641,0
1617227671,0
1617227701,0
1617227731,0
1617227761,0
1617227791,0
1617227821,0
1617227851,0
1617227881,0
1617227911,0
1617227941,0
1617227971,0
1617228001,0
1617228031,0
1617228061,0
1617228091,0
1617228121,0
1617228151,0
1617228181,0
1617228211,0
1617228241,0
1617228271,0
1617228301,0
1617228331,0
1617228361,0
1617228391,0
1617228421,0
1617228451,0
1617228481,0
1617228511,0
1617228541,0
1617228571,0
1617228601,0
1617228631,0
1617228661,0
1617228691,0
1617228721,0
1617228751,0
1617228781,0
1617228811,0
1617228841,0
1617228871,0
1617228901,0
1617228931,0
1617228961,0
1617228991,0
1617229021,0
1617229051,0
1617229081,0
1617229111,0
1617229141,0
1617229171,0
1617229201,0
1617229231,0
1617229261,0
1617229291,0
1617229321,0
1617229351,0
1617229381,0
1617229411,0
1617229441,0
1617229471,0
1617229501,0
1617229531,0
1617229561,0
1617229591,0
1617229621,0
1617229651,0
1617229681,0
1617229711,0
1617229741,0
1617229771,0
1617229801,0
1617229831,0
1617229861,0
1617229891,0
1617229921,0
1617229951,0
1617229981,0
1617230011,0
1617230041,0
1617230071,0
1617230101,0
1617230131,0
1617230161,0
1617230191,0
1617230221,0
1617230251,0
1617230281,0
1617230311,0
1617230341,0
1617230371,0
1617230401,0
1617230431,0
1617230461,0
1617230491,0
1617230521,0
1617230551,0
1617230581,0
1617230611,0
1617230641,0
1617230671,0
1617230701,0
1617230731,0
1617230761,0
1617230791,0
1617230821,0
1617230851,0
1617230881,0
1617230911,0
1617230941,0
1617230971,0
1617231001,0
1617231031,0
1617231061,0
1617231091,0
1617231121,0
1617231151,0
1617231181,0
1617231211,0
1617231241,0
1617231271,0
1617231301,0
1617231331,0
1617231361,0
1617231391,0
1617231421,0
1617231451,0
1617231481,0
1617231511,0
1617231541,0
1617231571,0
1617231601,0
1617231631,0
1617231661,0
1617231691,0
1617231721,0
1617231751,0
1617231781,0
1617231811,0
1617231841,0
1617231871,0
1617231901,0
1617231931,0
1617231961,0
1617231991,0
1617232021,0
1617232051,0
1617232081,0
1617232111,0
1617232141,0
1617232171,0
1617232201,0
1617232231,0
1617232261,0
1617232291,0
1617232321,0
1617232351,0
1617232381,0
1617232411,0
1617232441,0
1617232471,0
1617232501,0
1617232531,0
1617232561,0
1617232591,0
1617232621,0
1617232651,0
1617232681,0
1617232711,0
1617232741,0
1617232771,0
1617232801,0
1617232831,0
1617232861,0
1617232891,0
1617232921,0
1617232951,0
1617232981,0
1617233011,0
1617233041,0
1617233071,0
1617233101,0
1617233131,0
1617233161,0
1617233191,0
1617233221,0
1617233251,0
1617233281,0
1617233311,0
1617233341,0
1617233371,0
1617233401,0
1617233431,0
1617233461,0
1617233491,0
1617233521,0
1617233551,0
1617233581,0
1617233611,0
1617233641,0
1617233671,0
1617233701,0
1617233731,0
1617233761,0
1617233791,0
1617233821,0
1617233851,0
1617233881,0
1617233911,0
1617233941,0
1617233971,0
1617234001,0
1617234031,0
1617234061,0
1617234091,0
1617234121,0
1617234151,0
1617234181,0
1617234211,0
1617234241,0
1617234271,0
1617234301,0
1617234331,0
1617234361,0
1617234391,0
1617234421,0
1617234451,0
1617234481,0
1617234511,0
1617234541,0
1617234571,0
1617234601,0
1617234631,0
1617234661,0
1617234691,0
1617234721,0
1617234751,0
1617234781,0
1617234811,0
1617234841,0
1617234871,0
1617234901,0
1617234931,0
1617234961,0
1617234991,0
1617235021,0
1617235051,0
1617235081,0
1617235111,0
1617235141,0
1617235171,0
1617235201,0
1617235231,11
1617235261,11
1617235291,11
1617235321,11
1617235351,11
1617235381,11
1617235411,11
1617235441,11
1617235471,11
1617235501,11
1617235531,11
1617235561,11
1617235591,11
1617235621,11
1617235651,11
1617235681,11
1617235711,11
1617235741,11
1617235771,11
1617235801,11
1617235831,11
1617235861,11
1617235891,11
1617235921,11
1617235951,11
1617235981,11
1617236011,11
1617236041,16.5
1617236071,22
1617236101,22
1617236131,22
1617236161,22
1617236191,22
1617236221,22
1617236251,22
1617236281,22
1617236311,22
1617236341,22
1617236371,22
1617236401,22
1617236431,22
1617236461,22
1617236491,22
1617236521,22
1617236551,22
1617236581,22
1617236611,22
1617236641,22
1617236671,22
1617236701,22
1617236731,22
1617236761,22
1617236791,22
1617236821,22
1617236851,22
1617236881,22
1617236911,22
1617236941,22
1617236971,22
1617237001,22
1617237031,22
1617237061,22
1617237091,22
1617237121,22
1617237151,22
1617237181,22
1617237211,22
1617237241,22
1617237271,22
1617237301,22
1617237331,22
1617237361,22
1617237391,22
1617237421,22
1617237451,22
1617237481,22
1617237511,22
1617237541,22
1617237571,22
1617237601,22
1617237631,22
1617237661,22
1617237691,22
1617237721,22
1617237751,22
1617237781,22
1617237811,22
1617237841,22
1617237871,22
1617237901,22
1617237931,22
1617237961,22
1617237991,22
1617238021,22
1617238051,22
1617238081,22
1617238111,22
1617238141,22
1617238171,22
1617238201,22
1617238231,22
1617238261,22
1617238291,22
1617238321,22
1617238351,22
1617238381,22
1617238411,22
1617238441,22
1617238471,22
1617238501,22
1617238531,22
1617238561,22
1617238591,22
1617238621,22
1617238651,22
1617238681,22
1617238711,22
1617238741,22
1617238771,22
1617238801,22
1617238831,22
1617238861,22
1617238891,22
1617238921,27.5
1617238951,33
1617238981,33
1617239011,33
1617239041,33
1617239071,33
1617239101,33
1617239131,33
1617239161,33
1617239191,33
1617239221,33
1617239251,33
1617239281,33
1617239311,33
1617239341,33
1617239371,33
1617239401,33
1617239431,33
1617239461,33
1617239491,33
1617239521,33
1617239551,33
1617239581,33
1617239611,33
1617239641,33
1617239671,33
1617239701,33
1617239731,33
1617239761,33
1617239791,33
1617239821,33
1617239851,33
1617239881,21
1617239911,66.5
1617239941,60
1617239971,60
1617240001,60
1617240031,60
1617240061,60
1617240091,60.5
1617240121,75
1617240151,31.5
1617240181,37
1617240211,37
1617240241,37
1617240271,37
1617240301,37
1617240331,37
1617240361,37
1617240391,37
1617240421,37
1617240451,37
1617240481,37
1617240511,37
1617240541,37
1617240571,37
1617240601,37
1617240631,37
1617240661,37
1617240691,37
1617240721,37
1617240751,37
1617240781,37
1617240811,37
1617240841,37
1617240871,37
1617240901,37
1617240931,37
1617240961,37
1617240991,37
1617241021,37
1617241051,37
1617241081,37
1617241111,37
1617241141,37
1617241171,37
1617241201,37
1617241231,37
1617241261,37
1617241291,37
1617241321,37
1617241351,37
1617241381,37
1617241411,37
1617241441,37
1617241471,37
1617241501,37
1617241531,37
1617241561,37
1617241591,37
1617241621,37
1617241651,37
1617241681,37
1617241711,37
1617241741,37
1617241771,37
1617241801,37
1617241831,37
1617241861,37
1617241891,37
1617241921,37
1617241951,37
1617241981,48
1617242011,48
1617242041,48
1617242071,48
1617242101,48
1617242131,48
1617242161,48
1617242191,48
1617242221,48
1617242251,48
1617242281,48
1617242311,48
1617242341,48
1617242371,48
1617242401,48
1617242431,48
1617242461,48
1617242491,48
1617242521,48
1617242551,48
1617242581,48
1617242611,48
1617242641,48
1617242671,48
1617242701,48
1617242731,48
1617242761,48
1617242791,48
1617242821,48
1617242851,48
1617242881,48
1617242911,48
1617242941,48
1617242971,48
1617243001,48
1617243031,48
1617243061,48
1617243091,48
1617243121,48
1617243151,48
1617243181,48
1617243211,48
1617243241,48
1617243271,48
1617243301,48
1617243331,48
1617243361,48
1617243391,48
1617243421,48
1617243451,48
1617243481,48
1617243511,48
1617243541,48
1617243571,48
1617243601,48
1617243631,48
1617243661,48
1617243691,48
1617243721,48
1617243751,40
1617243781,40
1617243811,40
1617243841,40
1617243871,40
1617243901,40
1617243931,39.5
1617243961,39
1617243991,39
1617244021,39
1617244051,39
1617244081,39
1617244111,39
1617244141,39
1617244171,39
1617244201,39
1617244231,39
1617244261,39
1617244291,39
1617244321,39
1617244351,39
1617244381,39
1617244411,39
1617244441,39
1617244471,39
1617244501,39
1617244531,39
1617244561,39
1617244591,39
1617244621,39
1617244651,39
1617244681,39
1617244711,39
1617244741,39
1617244771,39
1617244801,39
1617244831,39
1617244861,39
1617244891,39
1617244921,39
1617244951,39
1617244981,39
1617245011,39
1617245041,39
1617245071,39
1617245101,39
1617245131,39
1617245161,39
1617245191,39
1617245221,39
1617245251,39
1617245281,39
1617245311,39
1617245341,39
1617245371,39
1617245401,39
1617245431,39
1617245461,39
1617245491,39
1617245521,39
1617245551,39
1617245581,39
1617245611,39
1617245641,39
1617245671,39
1617245701,39
1617245731,39
1617245761,39
1617245791,39
1617245821,39
1617245851,39
1617245881,34
1617245911,34
1617245941,34
1617245971,34
1617246001,34
1617246031,34
1617246061,34
1617246091,34
1617246121,34
1617246151,34
1617246181,34
1617246211,34
1617246241,34
1617246271,34
1617246301,34
1617246331,34
1617246361,34
1617246391,34
1617246421,34
1617246451,34
1617246481,34
1617246511,34
1617246541,34
1617246571,34
1617246601,34
1617246631,34
1617246661,34
1617246691,34
1617246721,34
1617246751,34
1617246781,34
1617246811,34
1617246841,34
1617246871,34
1617246901,34
1617246931,34
1617246961,34
1617246991,34
1617247021,34
1617247051,34
1617247081,34
1617247111,34
1617247141,34
1617247171,34
1617247201,34
1617247231,34
1617247261,34
1617247291,34
1617247321,34
1617247351,34
1617247381,34
1617247411,34
1617247441,34
1617247471,34
1617247501,34
1617247531,34
1617247561,34
1617247591,34
1617247621,34
1617247651,45
1617247681,45
1617247711,45
1617247741,45
1617247771,45
1617247801,45
1617247831,45
1617247861,45
1617247891,45
1617247921,45
1617247951,45
1617247981,45
1617248011,45
1617248041,45
1617248071,45
1617248101,45
1617248131,45
1617248161,45
1617248191,45
1617248221,45
1617248251,45
1617248281,45
1617248311,45
1617248341,45
1617248371,45
1617248401,34
1617248431,34
1617248461,34
1617248491,39.5
1617248521,45
1617248551,45
1617248581,45
1617248611,45
1617248641,45
1617248671,45
1617248701,45
1617248731,45
1617248761,45
1617248791,45
1617248821,45
1617248851,45
1617248881,45
1617248911,45
1617248941,45
1617248971,45
1617249001,45
1617249031,45
1617249061,45
1617249091,45
1617249121,45
1617249151,45
1617249181,45
1617249211,45
1617249241,45
1617249271,45
1617249301,45
1617249331,45
1617249361,45
1617249391,45
1617249421,45
1617249451,45
1617249481,45
1617249511,45
1617249541,45
1617249571,45
1617249601,45
1617249631,45
1617249661,45
1617249691,45
1617249721,45
1617249751,45
1617249781,45
1617249811,45
1617249841,45
1617249871,45
1617249901,45
1617249931,45
1617249961,45
1617249991,45
1617250021,45
1617250051,45
1617250081,45
1617250111,45
1617250141,45
1617250171,45
1617250201,45
1617250231,45
1617250261,45
1617250291,45
1617250321,45
1617250351,45
1617250381,45
1617250411,45
1617250441,45
1617250471,45
1617250501,45
1617250531,45
1617250561,45
1617250591,45
1617250621,45
1617250651,45
1617250681,45
1617250711,45
1617250741,45
1617250771,45
1617250801,45
1617250831,39
1617250861,51
1617250891,51
1617250921,51
1617250951,51
1617250981,51
1617251011,50
1617251041,50
1617251071,50
1617251101,50
1617251131,50
1617251161,50
1617251191,50
1617251221,50
1617251251,50
1617251281,50
1617251311,50
1617251341,50
1617251371,50
1617251401,50
1617251431,50
1617251461,50
1617251491,50
1617251521,50
1617251551,50
1617251581,50
1617251611,50
1617251641,50
1617251671,50
1617251701,50
1617251731,50
1617251761,50
1617251791,50
1617251821,50
1617251851,50
1617251881,50
1617251911,50
1617251941,50
1617251971,50
1617252001,50
1617252031,50
1617252061,50.5
1617252091,51
1617252121,51
1617252151,51
1617252181,51
1617252211,51
1617252241,51
1617252271,51
1617252301,51
1617252331,51
1617252361,51
1617252391,51
1617252421,51
1617252451,51
1617252481,51
1617252511,51
1617252541,51
1617252571,51
1617252601,51
1617252631,51
1617252661,51
1617252691,51
1617252721,51
1617252751,51
1617252781,51
1617252811,51
1617252841,51
1617252871,51
1617252901,51
1617252931,51
1617252961,51
1617252991,51
1617253021,42
1617253051,49
1617253081,49
1617253111,49
1617253141,43.5
1617253171,38
1617253201,49
1617253231,49
1617253261,49
1617253291,49
1617253321,49
1617253351,49
1617253381,49
1617253411,49
1617253441,49
1617253471,49
1617253501,49
1617253531,49
1617253561,49
1617253591,49
1617253621,49
1617253651,49
1617253681,49
1617253711,49
1617253741,49
1617253771,49
1617253801,49
1617253831,49
1617253861,49
1617253891,49
1617253921,49
1617253951,49
1617253981,49
1617254011,49
1617254041,49
1617254071,49
1617254101,49
1617254131,49
1617254161,49
1617254191,49
1617254221,49
1617254251,49
1617254281,49
1617254311,49
1617254341,49
1617254371,49
1617254401,49
1617254431,49
1617254461,49
1617254491,49
1617254521,49
1617254551,49
1617254581,54.5
1617254611,60
1617254641,60
1617254671,60
1617254701,60
1617254731,60
1617254761,60
1617254791,60
1617254821,60
1617254851,60
1617254881,60
1617254911,60
1617254941,60
1617254971,60
1617255001,60
1617255031,60
1617255061,53
1617255091,46
1617255121,54.5
1617255151,55
1617255181,55
1617255211,55
1617255241,54
1617255271,53
1617255301,53
1617255331,53
1617255361,53
1617255391,53
1617255421,53
1617255451,53
1617255481,53
1617255511,53
1617255541,53
1617255571,53
1617255601,53
1617255631,53
1617255661,53
1617255691,53
1617255721,53
1617255751,53
1617255781,53
1617255811,53
1617255841,58.5
1617255871,64
1617255901,53
1617255931,59
1617255961,59
1617255991,59
1617256021,59
1617256051,59
1617256081,59
1617256111,69
1617256141,69
1617256171,58
1617256201,58
1617256231,58
1617256261,58
1617256291,58
1617256321,58
1617256351,58
1617256381,58
1617256411,58
1617256441,58
1617256471,58
1617256501,65.5
1617256531,73
1617256561,67
1617256591,61
1617256621,61
1617256651,40
1617256681,57
1617256711,57
1617256741,57
1617256771,57
1617256801,50
1617256831,43
1617256861,54
1617256891,54
1617256921,54
1617256951,54
1617256981,54
1617257011,54
1617257041,54
1617257071,54
1617257101,59.5
1617257131,65
1617257161,65
1617257191,65
1617257221,65
1617257251,65
1617257281,65
1617257311,65
1617257341,53
1617257371,52
1617257401,64
1617257431,64
1617257461,64
1617257491,64
1617257521,64
1617257551,64
1617257581,64
1617257611,53
1617257641,53
1617257671,49
1617257701,49
1617257731,49
1617257761,49
1617257791,49
1617257821,54.5
1617257851,60
1617257881,60
1617257911,60
1617257941,60
1617257971,60
1617258001,60
1617258031,60
1617258061,60
1617258091,56
1617258121,56
1617258151,56
1617258181,56
1617258211,56
1617258241,56
1617258271,56
1617258301,56
1617258331,56
1617258361,56
1617258391,56
1617258421,56
1617258451,56
1617258481,56
1617258511,56
1617258541,56
1617258571,56
1617258601,56
1617258631,56
1617258661,45
1617258691,45
1617258721,45
1617258751,45
1617258781,45
1617258811,45
1617258841,50.5
1617258871,56
1617258901,56
1617258931,56
1617258961,56
1617258991,56
1617259021,56
1617259051,56
1617259081,56
1617259111,56
1617259141,56
1617259171,56
1617259201,56
1617259231,56
1617259261,56
1617259291,56
1617259321,56
1617259351,56
1617259381,56
1617259411,56
1617259441,56
1617259471,56
1617259501,56
1617259531,56
1617259561,56
1617259591,56
1617259621,56
1617259651,49
1617259681,42
1617259711,42
1617259741,42
1617259771,42
1617259801,42
1617259831,42
1617259861,42
1617259891,42
1617259921,42
1617259951,42
1617259981,42
1617260011,42
1617260041,42
1617260071,42
1617260101,42
1617260131,42
1617260161,42
1617260191,42
1617260221,42
1617260251,42
1617260281,42
1617260311,42
1617260341,42
1617260371,42
1617260401,42
1617260431,42
1617260461,42
1617260491,42
1617260521,42
1617260551,42
1617260581,42
1617260611,42
1617260641,42
1617260671,42
1617260701,42
1617260731,42
1617260761,53
1617260791,53
1617260821,53
1617260851,53
1617260881,53
1617260911,53
1617260941,53
1617260971,53
1617261001,53
1617261031,53
1617261061,53
1617261091,53
1617261121,53
1617261151,53
1617261181,52
1617261211,51
1617261241,51
1617261271,51
1617261301,51
1617261331,51
1617261361,51
1617261391,51
1617261421,51
1617261451,51
1617261481,51
1617261511,51
1617261541,51
1617261571,51
1617261601,51
1617261631,51
1617261661,51
1617261691,51
1617261721,51
1617261751,51
1617261781,51
1617261811,68.5
1617261841,78
1617261871,72.5
1617261901,72.5
1617261931,67
1617261961,67
1617261991,56
1617262021,58
1617262051,60
1617262081,59.5
1617262111,59
1617262141,59
1617262171,59
1617262201,58
1617262231,58
1617262261,58
1617262291,58
1617262321,58
1617262351,65
1617262381,59
1617262411,59
1617262441,59
1617262471,47
1617262501,47
1617262531,58
1617262561,58
1617262591,44
1617262621,55
1617262651,55
1617262681,55
1617262711,55
1617262741,55
1617262771,55
1617262801,55
1617262831,55
1617262861,55
1617262891,44
1617262921,44
1617262951,44
1617262981,44
1617263011,44
1617263042,44
1617263071,44
1617263101,44
1617263131,44
1617263161,44
1617263191,44
1617263221,44
1617263251,44
1617263281,44
1617263311,44
1617263341,44
1617263371,44
1617263401,44
1617263431,44
1617263461,44
1617263491,44
1617263521,44
1617263551,44
1617263581,44
1617263611,44
1617263641,44
1617263671,44
1617263701,44
1617263731,44
1617263761,44
1617263791,44
1617263821,37
1617263851,37
1617263881,37
1617263911,37
1617263941,37
1617263971,37
1617264001,37
1617264031,37
1617264061,37
1617264091,37
1617264121,37
1617264151,37
1617264181,37
1617264211,37
1617264241,37
1617264271,37
1617264301,37
1617264331,37
1617264361,37
1617264391,37
1617264421,37
1617264451,37
1617264481,26
1617264511,26
1617264541,26
1617264571,26
1617264601,26
1617264631,26
1617264661,26
1617264691,26
1617264721,37
1617264751,37
1617264781,37
1617264811,37
1617264841,37
1617264871,37
1617264901,37
1617264931,37
1617264961,37
1617264991,37
1617265021,37
1617265051,37
1617265081,37
1617265111,37
1617265141,37
1617265171,37
1617265201,37
1617265231,37
1617265261,37
1617265291,37
1617265321,37
1617265351,37
1617265381,37
1617265411,37
1617265441,37
1617265471,37
1617265501,37
1617265531,37
1617265561,37
1617265591,37
1617265621,37
1617265651,37
1617265681,37
1617265711,37
1617265741,37
1617265771,37
1617265801,37
1617265831,37
1617265861,37
1617265891,37
1617265921,37
1617265951,37
1617265981,37
1617266011,37
1617266041,37
1617266071,37
1617266101,37
1617266131,37
1617266161,37
1617266191,25
1617266221,25
1617266251,25
1617266281,25
1617266311,25
1617266341,25
1617266371,25
1617266401,25
1617266431,25
1617266461,25
1617266491,14
1617266521,14
1617266551,14
1617266581,14
1617266611,14
1617266641,14
1617266671,14
1617266701,14
1617266731,14
1617266761,14
1617266791,14
1617266821,14
1617266851,14
1617266881,14
1617266911,14
1617266941,14
1617266971,14
1617267001,14
1617267031,14
1617267061,14
1617267091,14
1617267121,14
1617267151,14
1617267181,14
1617267211,14
1617267241,14
1617267271,14
1617267301,14
1617267331,14
1617267361,14
1617267391,14
1617267421,14
1617267451,14
1617267481,14
1617267511,14
1617267541,14
1617267571,14
1617267601,14
1617267631,14
1617267661,14
1617267691,14
1617267721,14
1617267751,14
1617267781,14
1617267811,14
1617267841,14
1617267871,14
1617267901,14
1617267931,14
1617267961,14
1617267991,14
1617268021,14
1617268051,14
1617268081,14
1617268111,14
1617268141,14
1617268171,19.5
1617268201,25
1617268231,25
1617268261,25
1617268291,25
1617268321,25
1617268351,25
1617268381,25
1617268411,18.5
1617268441,24
1617268471,24
1617268501,24
1617268531,24
1617268561,24
1617268591,24
1617268621,24
1617268651,24
1617268681,24
1617268711,24
1617268741,24
1617268771,35
1617268801,35
1617268831,35
1617268861,35
1617268891,35
1617268921,23
1617268951,34
1617268981,34
1617269011,34
1617269041,34
1617269071,34
1617269101,34
1617269131,34
1617269161,34
1617269191,34
1617269221,34
1617269251,40.5
1617269281,35
1617269311,35
1617269341,35
1617269371,35
1617269401,35
1617269431,32
1617269461,29
1617269491,29
1617269521,29
1617269551,29
1617269581,29
1617269611,29
1617269641,29
1617269671,29
1617269701,29
1617269731,29
1617269761,29
1617269791,29
1617269821,29
1617269851,29
1617269881,29
1617269911,29
1617269941,29
1617269971,29
1617270001,29
1617270031,29
1617270061,29
1617270091,29
1617270121,29
1617270151,29
1617270181,29
1617270211,29
1617270241,29
1617270271,29
1617270301,29
1617270331,29
1617270361,29
1617270391,29
1617270421,29
1617270451,29
1617270481,29
1617270511,29
1617270541,29
1617270571,29
1617270601,29
1617270631,29
1617270661,29
1617270691,29
1617270721,29
1617270751,29
1617270781,29
1617270811,29
1617270841,29
1617270871,29
1617270901,25
1617270931,25
1617270961,25
1617270991,25
1617271021,25
1617271051,25
1617271081,25
1617271111,25
1617271141,24
1617271171,24
1617271201,24
1617271231,24
1617271261,24
1617271291,24
1617271321,24
1617271351,24
1617271381,24
1617271411,24
1617271441,24
1617271471,24
1617271501,24
1617271531,24
1617271561,24
1617271591,24
1617271621,24
1617271651,24
1617271681,24
1617271711,24
1617271741,24
1617271771,24
1617271801,24
1617271831,24
1617271861,24
1617271891,24
1617271921,24
1617271951,24
1617271981,24
1617272011,24
1617272041,17.5
1617272071,11
1617272101,11
1617272131,11
1617272161,11
1617272191,11
1617272221,11
1617272251,11
1617272281,11
1617272311,11
1617272341,11
1617272371,11
1617272401,11
1617272431,11
1617272461,11
1617272491,11
1617272521,11
1617272551,11
1617272581,11
1617272611,11
1617272641,11
1617272671,11
1617272701,11
1617272731,11
1617272761,11
1617272791,11
1617272821,11
1617272851,11
1617272881,11
1617272911,11
1617272941,11
1617272971,N.A
1617273001,0
1617273031,N.A
1617273061,N.A
1617273091,N.A
1617273121,N.A
1617273151,N.A
1617273181,N.A
1617273211,N.A
1617273241,N.A
1617273271,N.A
1617274386,0
1617274416,N.A
1617274446,N.A
1617274476,N.A
1617274506,N.A
1617274536,N.A
1617274566,N.A
1617274596,N.A
1617274626,N.A
1617274657,N.A
1617274686,N.A
1617274716,N.A
1617274746,N.A
1617274776,N.A
1617274806,N.A
1617274836,N.A
1617274866,N.A
1617274896,N.A
1617274926,N.A
1617274957,N.A
1617274986,0
1617275016,N.A
1617275046,N.A
1617275076,N.A
1617275106,N.A
1617275136,N.A
1617275166,N.A
1617275196,N.A
1617275226,N.A
1617275257,N.A
1617275286,N.A
1617275316,0
1617275346,N.A
1617275376,N.A
1617275406,N.A
1617275436,N.A
1617275466,N.A
1617275496,N.A
1617275526,N.A
1617275557,N.A
1617275586,0
1617275616,N.A
1617275646,N.A
1617275676,0
1617275706,N.A
1617275736,N.A
1617275766,N.A
1617275796,N.A
1617275826,N.A
1617275857,N.A
1617275886,N.A
1617275916,0
1617275946,N.A
1617275976,N.A
1617276006,N.A
1617276036,N.A
1617276066,N.A
1617276096,N.A
1617276126,N.A
1617276158,N.A
1617276186,0
1617276216,N.A
1617276246,N.A
1617276276,0
1617276306,N.A
1617276336,N.A
1617276366,N.A
1617276396,N.A
1617276426,N.A
1617276457,N.A
1617276486,0
1617276516,0
1617276546,N.A
1617276576,N.A
1617276606,N.A
1617276636,N.A
1617276666,N.A
1617276696,N.A
1617276726,N.A
1617276757,N.A
1617276786,0
1617276816,N.A
1617276846,N.A
1617276876,N.A
1617276906,N.A
1617276936,N.A
1617276966,N.A
1617276996,N.A
1617277026,N.A
1617277057,N.A
1617277086,0
1617277116,N.A
1617277146,N.A
1617277176,N.A
1617277206,N.A
1617277236,N.A
1617277266,N.A
1617277296,N.A
1617277326,N.A
1617277357,N.A
1617277386,0
1617277416,N.A
1617277446,N.A
1617277476,N.A
1617277506,N.A
1617277536,N.A
1617277566,N.A
1617277596,N.A
1617277626,N.A
1617277657,N.A
1617277686,N.A
1617277716,N.A
1617277746,N.A
1617277776,N.A
1617277806,N.A
1617277836,N.A
1617277866,N.A
1617277896,N.A
1617277926,N.A
1617277957,N.A
1617277986,0
1617278016,N.A
1617278046,N.A
1617278076,N.A
1617278106,N.A
1617278136,N.A
1617278166,N.A
1617278196,N.A
1617278226,N.A
1617278257,N.A
1617278286,N.A
1617278316,N.A
1617278346,N.A
1617278376,N.A
1617278406,N.A
1617278436,N.A
1617278466,N.A
1617278496,N.A
1617278526,N.A
1617278558,N.A
1617278586,N.A
1617278616,0
1617278646,N.A
1617278676,N.A
1617278706,N.A
1617278736,N.A
1617278766,N.A
1617278796,N.A
1617278826,N.A
1617278857,N.A
1617278886,0
             1617279911,0
1617279941,N.A
1617279971,N.A
1617280001,N.A
1617280031,N.A
1617280061,N.A
1617280091,N.A
1617280121,N.A
1617280152,N.A
1617280181,0
1617280211,0
1617280241,0
1617280271,0
1617280301,0
1617280331,0
             1617280686,0
1617280716,N.A
1617280746,N.A
1617280776,N.A
1617280806,N.A
1617280836,N.A
1617280866,N.A
1617280896,N.A
1617280926,N.A
1617280956,N.A
1617280986,N.A
1617281017,N.A
1617281046,N.A
1617281076,0
1617281106,N.A
1617281136,N.A
1617281166,N.A
1617281196,N.A
1617281226,N.A
1617281256,N.A
1617281286,N.A
1617281317,N.A
1617281346,N.A
1617281376,0
1617281406,N.A
1617281436,N.A
1617281466,N.A
1617281496,N.A
1617281526,N.A
1617281556,N.A
1617281586,N.A
1617281617,N.A
1617281646,0
1617281676,0
1617281706,0
1617281736,0
1617281766,0
1617281796,0
1617281826,0
1617281856,0
1617281886,0
1617281916,0
1617281946,0
1617281976,0
1617282006,0
1617282036,0
1617282066,N.A
1617282096,0
1617282126,N.A
1617282156,N.A
1617282186,N.A
1617282217,N.A
1617282246,0
1617282276,N.A
1617282306,N.A
1617282336,N.A
1617282366,N.A
1617282396,N.A
1617282426,N.A
1617282456,N.A
1617282486,N.A
1617282517,N.A
1617282546,0
1617282576,N.A
1617282606,N.A
1617282636,N.A
1617282666,N.A
1617282696,N.A
1617282726,N.A
1617282756,N.A
1617282786,N.A
1617282817,N.A
1617282846,0
1617282876,N.A
1617282906,N.A
1617282936,N.A
1617284141,0
1617284171,N.A
1617284201,N.A
               1617284909,0
1617284939,N.A
1617284969,0
1617284999,0
1617285029,N.A
1617285059,N.A
1617285089,N.A
1617285119,0
1617285149,N.A
1617285180,N.A
1617285209,N.A
1617285239,0
1617285269,N.A
1617285299,N.A
1617285329,N.A
1617285359,N.A
1617285389,N.A
1617285419,N.A
1617285449,N.A
1617285481,N.A
1617285509,N.A
1617285539,0
1617285569,N.A
1617285599,N.A
1617285629,N.A
1617285659,N.A
1617285689,N.A
1617285719,N.A
1617285749,N.A
1617286206,0
1617286236,N.A
1617286266,N.A
1617286296,N.A
1617286326,N.A
1617286356,N.A
1617286386,N.A
1617286416,N.A
1617286446,N.A
1617286476,N.A
1617286506,N.A
1617286536,N.A
1617286566,N.A
1617286596,N.A
1617286626,N.A
1617286656,N.A
1617286686,N.A
1617286716,N.A
1617286746,N.A
1617287038,0
1617287068,N.A
1617287098,N.A
1617287128,0
1617287158,N.A
1617287188,N.A
1617287218,N.A
1617287248,N.A
1617287278,N.A
1617287308,N.A
1617287338,N.A
1617287368,N.A
1617287398,N.A
1617287429,N.A
1617287458,0
1617287488,0
1617287518,0
1617287548,0
1617287578,N.A
1617287608,N.A
1617287638,0
1617287668,N.A
1617287698,N.A
1617287728,N.A
1617287758,N.A
1617287788,0
1617290505,0
1617290535,N.A
1617290565,N.A
1617290595,N.A
1617290625,N.A
1617290655,N.A
1617290685,N.A
1617290715,N.A
1617290745,N.A
1617290775,N.A
1617290805,0
1617290835,N.A
1617290865,N.A
1617290895,N.A
1617290925,N.A
1617290955,N.A
1617290985,N.A
1617291015,N.A
1617291045,N.A
1617291075,N.A
1617291105,0
1617291135,N.A
1617291165,N.A
1617291195,N.A
1617291225,N.A
1617291255,N.A
1617291285,N.A
1617291315,N.A
1617291345,N.A
1617291375,N.A
1617291405,0
1617291435,0
1617291465,N.A
1617291495,N.A
1617291525,N.A
1617291555,N.A
1617291585,N.A
1617291615,N.A
1617291645,N.A
1617291675,N.A
1617291705,N.A
1617291735,N.A
1617291765,N.A
1617291795,N.A
1617291825,N.A
1617291855,N.A
1617291885,N.A
1617291915,N.A
1617291945,N.A
1617293152,0
1617293182,0
1617293212,0
1617293242,N.A
1617293272,N.A
1617293302,0
1617293332,N.A
1617293362,N.A
1617293392,N.A
1617293423,N.A
1617293452,N.A
1617293482,N.A
1617293512,N.A
1617293542,N.A
1617293572,N.A
1617293602,N.A
1617293632,N.A
1617293662,N.A
1617293692,N.A
1617293723,N.A
1617293752,0
1617293782,N.A
1617293812,N.A
1617293842,N.A
1617293872,N.A
1617293902,N.A
1617293932,N.A
1617293962,N.A
1617293992,N.A
1617294023,N.A
1617294052,0
1617294082,N.A
1617294112,N.A
1617294142,N.A
1617294172,N.A
1617294202,N.A
1617294232,N.A
1617294262,0
1617294292,0
1617294322,0
1617294352,0
1617294382,0
1617294412,N.A
1617294442,N.A
1617294472,0
1617294502,N.A
1617294532,N.A
1617294562,N.A
1617294592,N.A
1617294623,N.A
1617294652,N.A
1617294682,0
1617294712,N.A
1617294742,N.A
1617294772,N.A
1617294802,N.A
1617294832,N.A
1617294862,N.A
1617294892,N.A
1617294923,N.A
1617294952,0
1617294982,N.A
1617295012,N.A
1617295042,N.A
1617295072,N.A
1617295102,N.A
1617295132,N.A
1617295162,N.A
1617295192,N.A
1617295222,N.A
1617295252,N.A
1617295282,N.A
1617295312,N.A
1617295342,N.A
1617295372,N.A
1617295402,N.A
1617295432,N.A
1617295462,N.A
1617295492,N.A
1617296292,0
1617296322,0
1617296352,N.A
1617297604,0
1617297634,0
1617297664,0
1617297694,0
1617297724,N.A
1617297754,N.A
1617297784,0
1617297814,N.A
1617297844,N.A
1617297875,N.A
1617297904,N.A
1617297934,0
1617297964,N.A
1617297994,N.A
1617298024,N.A
1617298054,N.A
1617298084,N.A
1617298114,N.A
1617298144,N.A
1617298175,N.A
1617298204,N.A
1617298234,0
1617298264,N.A
1617298294,N.A
1617298324,N.A
1617298354,N.A
1617298384,N.A
1617298414,N.A
1617298444,N.A
1617298475,N.A
1617298504,N.A
1617298534,0
1617298564,N.A
1617298594,N.A
1617298624,N.A
1617298654,N.A
1617298684,N.A
1617298714,N.A
1617298744,N.A
1617298775,N.A
1617298804,0
1617298834,0
1617298864,N.A
1617298894,N.A
1617298924,N.A
1617298954,N.A
1617298984,N.A
1617299014,N.A
1617299044,0
1617299075,N.A
1617299104,N.A
1617299134,0
1617299164,N.A
1617299194,N.A
1617299224,N.A
1617299254,N.A
1617299284,N.A
1617299314,N.A
1617299344,N.A
1617299375,N.A
1617299404,0
1617299434,N.A
1617299464,N.A
1617299494,N.A
1617299524,N.A
1617299554,N.A
1617299584,N.A
1617299614,N.A
1617299644,N.A
1617299675,N.A
1617299704,0
1617299734,N.A
1617299764,N.A
1617299794,N.A
1617299824,N.A
1617299854,N.A
1617299884,N.A
1617299914,N.A
1617299944,N.A
1617299974,N.A
1617300004,N.A
1617300034,N.A
1617300064,N.A
1617300094,N.A
1617300124,N.A
1617300154,N.A
1617300184,N.A
1617300214,N.A
1617300244,N.A
1617301043,0
1617301073,N.A
1617301103,N.A
1617301133,N.A
1617301163,0
1617301193,N.A
1617301223,N.A
1617301253,N.A
1617301283,0
1617301313,0
     1617301746,0
1617301776,N.A
1617301806,N.A
1617301836,N.A
1617301866,N.A
1617301896,N.A
1617301926,N.A
1617301956,N.A
1617302322,0
1617302352,0
1617302382,0
1617302412,0
1617302442,0
1617302472,0
1617302502,0
1617302532,0
1617302562,0
1617302592,0
1617302622,0
1617302652,0
1617302682,0
1617302712,0
1617302742,0
1617302772,0
1617302802,N.A
1617302832,N.A
1617302862,0
1617302893,N.A
1617302922,0
1617302952,N.A
1617302982,N.A
1617303012,N.A
1617303042,0
1617303072,0
1617303102,0
1617303132,N.A
1617303162,N.A
1617303192,N.A
1617303222,N.A
1617303252,N.A
1617303282,N.A
1617303312,N.A
1617303342,N.A
1617303372,N.A
1617303402,N.A
1617303432,N.A
1617303462,N.A
1617304700,0
1617304730,N.A
1617304760,N.A
1617304790,N.A
1617304820,N.A
1617304850,N.A
1617304880,N.A
1617304910,N.A
1617304940,N.A
1617304971,N.A
1617305000,0
1617305030,N.A
1617305060,0
1617305090,N.A
1617305120,N.A
1617305150,N.A
1617305180,N.A
1617305210,N.A
1617305240,N.A
1617305271,N.A
1617305300,0
1617305330,0
1617305360,0
1617305390,N.A
1617305420,N.A
1617305450,N.A
1617305480,N.A
1617305510,N.A
1617305540,N.A
1617305571,N.A
1617305600,0
1617305630,N.A
1617305660,N.A
1617305690,N.A
1617305720,N.A
1617305750,N.A
1617305780,N.A
1617305810,N.A
1617305840,N.A
1617305870,N.A
1617305900,N.A
1617305930,N.A
1617305960,N.A
1617305990,N.A
1617306020,N.A
1617306050,N.A
1617306080,N.A
1617306110,N.A
1617306140,N.A
1617306673,0
1617306703,N.A
1617306733,N.A
1617306763,N.A
1617306793,N.A
1617306823,N.A
1617306853,N.A
1617306883,N.A
1617306914,N.A
1617306943,N.A
1617306973,N.A
1617307003,N.A
1617307033,N.A
1617307063,N.A
1617307093,N.A
1617307123,N.A
1617307153,N.A
1617307183,N.A
1617307215,N.A
1617307243,N.A
1617307273,0
1617307303,N.A
1617307333,N.A
1617307363,N.A
1617307393,N.A
1617307423,N.A
1617307453,N.A
1617307483,N.A
1617307514,N.A
1617307543,N.A
1617307573,0
1617307603,N.A
1617307633,N.A
1617307663,N.A
1617307693,N.A
1617307723,N.A
1617307753,N.A
1617307783,N.A
1617307814,N.A
1617307843,N.A
1617307873,N.A
1617307903,N.A
1617307933,N.A
1617307963,N.A
1617307993,N.A
1617308023,N.A
1617308053,N.A
1617308083,N.A
1617308114,N.A
1617308143,N.A
1617308173,0
1617308203,N.A
1617308233,N.A
1617308263,N.A
1617308293,N.A
1617308323,N.A
1617308353,N.A
1617308383,N.A
1617308414,N.A
1617308443,N.A
1617308473,0
1617308503,N.A
1617308533,N.A
1617308563,N.A
1617308593,N.A
1617308623,N.A
1617308653,N.A
1617308683,N.A
1617309706,0
1617309736,N.A
1617309766,N.A
1617309796,N.A
1617309826,N.A
1617309856,N.A
1617309886,N.A
1617309916,N.A
1617309947,N.A
1617309976,N.A
1617310006,0
1617310036,N.A
1617310066,N.A
1617310096,N.A
1617310126,N.A
1617310156,N.A
1617310186,N.A
1617310216,N.A
1617310247,N.A
1617310276,N.A
1617310306,0
1617310336,N.A
1617310366,N.A
1617310396,N.A
1617310426,N.A
1617310456,N.A
1617310486,N.A
1617310516,N.A
1617310547,N.A
1617310576,N.A
1617310606,N.A
1617310636,N.A
1617310666,N.A
1617310696,N.A
1617310726,N.A
1617310756,N.A
1617310786,N.A
1617310816,N.A
1617310848,N.A
1617310876,N.A
1617310906,0
1617310936,N.A
1617310966,0
1617310996,N.A
1617311026,N.A
1617311056,N.A
1617311086,N.A
1617311116,N.A
1617311147,N.A
1617311176,0
1617311206,0
1617311236,0
1617311266,0
1617311296,0
1617311326,0
1617311356,0
1617311386,N.A
1617311416,N.A
1617311446,0
1617311476,N.A
1617311506,N.A
1617311536,N.A
1617311566,N.A
1617311596,N.A
1617311626,N.A
1617311656,N.A
1617311686,N.A
1617311716,N.A
1617311747,N.A
1617311776,N.A
1617311806,N.A
1617311836,N.A
1617311866,N.A
1617311896,N.A
1617311926,N.A
1617311956,N.A
1617311986,N.A
1617312016,N.A
1617312047,N.A
1617312076,N.A
1617312106,N.A
1617312136,N.A
1617312166,N.A
1617312196,N.A
1617312226,N.A
1617312256,N.A
1617312286,N.A
1617312316,N.A
1617312348,N.A
1617312376,N.A
1617312406,0
1617312436,N.A
1617312466,N.A
1617312496,N.A
1617312526,N.A
1617312556,N.A
1617312586,N.A
1617312616,N.A
1617312647,N.A
1617312676,N.A
1617312706,N.A
1617312736,N.A
1617312766,N.A
1617312796,N.A
1617312826,N.A
1617312856,N.A
1617312886,N.A
1617312916,N.A
1617312948,N.A
1617312976,N.A
1617313006,0
1617313036,N.A
1617313066,N.A
1617313096,N.A
1617313126,N.A
1617313156,N.A
1617313186,N.A
1617313216,N.A
1617313247,N.A
1617313276,N.A
1617313306,0
1617313336,N.A
1617313366,N.A
1617313396,N.A
1617313426,N.A
1617313456,N.A
1617313486,N.A
1617313516,N.A
1617313547,N.A
1617313576,0
1617313606,N.A
1617313636,N.A
1617313666,N.A
1617313696,N.A
1617313726,N.A
1617313756,N.A
1617313786,N.A
1617313816,N.A
1617313847,N.A
1617313876,N.A
1617313906,N.A
1617313936,N.A
1617313966,N.A
1617313996,N.A
1617314026,N.A
1617314056,N.A
1617314086,N.A
1617314116,N.A
1617314148,N.A
1617314176,N.A
1617314206,N.A
1617314236,N.A
1617314266,N.A
1617314296,N.A
1617314326,N.A
1617314356,N.A
1617314386,N.A
1617314416,N.A
1617314447,N.A
1617314476,0
1617314506,N.A
1617314536,N.A
1617314566,N.A
1617314596,N.A
1617314626,N.A
1617314656,N.A
1617314686,N.A
1617314716,N.A
1617314747,N.A
1617314776,N.A
1617314806,0
1617314836,N.A
1617314866,N.A
1617314896,N.A
1617314926,N.A
1617314956,N.A
1617314986,N.A
1617315016,N.A
1617315047,N.A
1617315076,N.A
1617315106,0
1617315136,N.A
1617315166,N.A
1617315196,N.A
1617315226,N.A
1617315256,N.A
1617315286,N.A
1617315316,N.A
1617315347,N.A
1617315376,0
1617315406,N.A
1617315436,N.A
1617315466,N.A
1617315496,N.A
1617315526,N.A
1617315556,N.A
1617315586,N.A
1617315616,N.A
1617315647,N.A
1617315676,N.A
1617315706,N.A
1617315736,N.A
1617315766,N.A
1617315796,N.A
1617315826,N.A
1617315856,N.A
1617315886,N.A
1617315916,N.A
1617315947,N.A
1617315976,N.A
1617316006,0
1617316036,N.A
1617316066,N.A
1617316096,N.A
1617316126,N.A
1617316156,N.A
1617316186,N.A
1617316216,N.A
1617316248,N.A
1617316276,N.A
1617316306,N.A
1617316336,N.A
1617316366,N.A
1617316396,N.A
1617316426,N.A
1617316456,N.A
1617316486,N.A
1617316516,N.A
1617316547,N.A
1617316576,N.A
1617316606,0
1617316636,N.A
1617316666,N.A
1617316696,N.A
1617316726,N.A
1617316756,N.A
1617316786,N.A
1617316816,N.A
1617316847,N.A
1617316876,0
1617316906,N.A
1617316936,N.A
1617316966,0
1617316996,N.A
1617317026,N.A
1617317056,N.A
1617317086,N.A
1617317116,N.A
1617317147,N.A
1617317176,0
1617317206,N.A
1617317236,N.A
1617317266,N.A
1617317296,N.A
1617317326,N.A
1617317356,N.A
1617317386,N.A
1617317416,N.A
1617317446,N.A
1617317476,N.A
1617317506,N.A
1617317536,N.A
1617317566,N.A
1617317596,N.A
1617317626,N.A
1617317656,N.A
1617317686,N.A
1617317716,N.A
1617319142,0
1617319172,N.A
1617319202,N.A
1617319232,N.A
1617319262,N.A
1617319292,N.A
1617319322,N.A
1617319352,N.A
1617319383,N.A
1617319412,N.A
1617319442,N.A
1617319472,N.A
1617319502,N.A
1617319532,N.A
1617319562,N.A
1617319592,N.A
1617319622,N.A
1617319652,N.A
1617319684,N.A
1617319712,N.A
1617319742,N.A
1617319772,N.A
1617319802,N.A
1617319832,N.A
1617319862,N.A
1617319892,N.A
1617319922,N.A
1617319952,N.A
1617319984,N.A
1617320012,N.A
1617320042,N.A
1617320072,N.A
1617320102,N.A
1617320132,N.A
1617320162,N.A
1617320192,N.A
1617320222,N.A
1617320252,N.A
1617320283,N.A
1617320312,N.A
1617320342,N.A
1617320372,N.A
1617320402,N.A
1617320432,N.A
1617320462,N.A
1617320492,N.A
1617320522,N.A
1617320552,N.A
1617320583,N.A
1617320612,N.A
1617320642,0
1617320672,N.A
1617320702,N.A
1617320732,N.A
1617320762,N.A
1617320792,N.A
1617320822,N.A
1617320852,N.A
1617320883,N.A
1617320912,N.A
1617320942,0
1617320972,N.A
1617321002,N.A
1617321032,N.A
1617321062,N.A
1617321092,N.A
1617321122,N.A
1617321152,N.A
1617321183,N.A
1617321212,0
1617321242,N.A
1617321272,N.A
1617321302,N.A
1617321332,N.A
1617321362,N.A
1617321392,N.A
1617321422,N.A
1617321452,N.A
1617321483,N.A
1617321512,0
1617321542,0
1617321572,0
1617321602,5.5
1617321632,11
1617321662,11
1617321692,11
1617321722,11
1617321752,11
1617321782,11
1617321812,11
1617321842,11
1617321872,11
1617321902,11
1617321932,11
1617321962,11
1617321992,11
1617322022,11
1617322052,11
1617322082,11
1617322112,11
1617322142,11
1617322172,11
1617322202,11
1617322232,11
1617322262,11
1617322292,17
1617322322,18
1617322352,18
1617322382,18
1617322412,18
1617322442,18
1617322472,18
1617322502,19
1617322532,18
1617322562,18
1617322592,18
1617322622,18
1617322652,18
1617322682,18
1617322712,18
1617322742,18
1617322772,18
1617322802,18
1617322832,18
1617322862,18
1617322892,18
1617322922,18
1617322952,18
1617322982,18
1617323012,18
1617323042,18
1617323072,18
1617323102,19
1617323132,20
1617323162,20
1617323192,21
1617323222,21
1617323252,21
1617323282,21
1617323312,21
1617323342,21
1617323372,21
1617323402,21
1617323432,21
1617323462,21
1617323492,21
1617323522,21
1617323552,21
1617323582,21
1617323612,21
1617323642,21
1617323672,21
1617323702,21
1617323732,21
1617323762,21
1617323792,21
1617323822,21
1617323852,21
1617323882,21
1617323912,21
1617323942,21
1617323972,21
1617324002,21
1617324032,21
1617324062,21
1617324092,21
1617324122,21
1617324152,32
1617324182,32
1617324212,32
1617324242,32
1617324272,32
1617324302,32
1617324332,32
1617324362,32
1617324392,32
1617324422,32
1617324452,32
1617324482,32
1617324512,32
1617324542,32
1617324572,32
1617324602,32
1617324632,32
1617324662,32
1617324692,32
1617324722,32
1617324752,32
1617324782,32
1617324812,32
1617324842,32
1617324872,32
1617324902,32
1617324932,32
1617324962,32
1617324992,32
1617325022,32
1617325052,32
1617325082,32
1617325112,32
1617325142,32
1617325172,32
1617325202,32
1617325232,32
1617325262,32
1617325292,32
1617325322,32
1617325352,32
1617325382,32
1617325412,32
1617325442,32
1617325472,32
1617325502,32
1617325532,32
1617325562,32
1617325592,32
1617325622,32
1617325652,32
1617325682,32
1617325712,32
1617325742,32
1617325772,32
1617325802,32
1617325832,32
1617325862,32
1617325892,32
1617325922,32
1617325952,32
1617325982,32
1617326012,32
1617326042,32
1617326072,32
1617326102,32
1617326132,32
1617326162,32
1617326192,32
1617326222,32
1617326252,32
1617326282,32
1617326312,43
1617326342,43
1617326372,43
1617326402,43
1617326432,43
1617326462,43
1617326492,43
1617326522,43
1617326552,43
1617326582,43
1617326612,43
1617326642,37
1617326672,36
1617326702,36
1617326732,36
1617326762,36
1617326792,36
1617326822,35
1617326852,35
1617326882,35
1617326912,35
1617326942,35
1617326972,35
1617327002,35
1617327032,35
1617327062,32
1617327092,32
1617327122,32
1617327152,32
1617327182,32
1617327212,32
1617327242,32
1617327272,32
1617327302,32
1617327332,32
1617327362,32
1617327392,32
1617327422,32
1617327452,32
1617327482,32
1617327512,32
1617327542,32
1617327572,32
1617327602,32
1617327632,32
1617327662,32
1617327692,32
1617327722,32
1617327752,32
1617327782,32
1617327812,32.5
1617327842,33
1617327872,33
1617327902,33
1617327932,33
1617327962,33
1617327992,34
1617328022,34
1617328052,34
1617328082,34
1617328112,34
1617328142,34
1617328172,34
1617328202,34
1617328232,34
1617328262,34
1617328292,34
1617328322,34
1617328352,34
1617328382,34
1617328412,34
1617328442,34
1617328472,34
1617328502,34
1617328532,34
1617328562,34
1617328592,34
1617328622,34
1617328652,34
1617328682,45
1617328712,49
1617328742,49
1617328772,49
1617328802,49
1617328832,49
1617328862,49
1617328892,49
1617328922,49
1617328952,49
1617328982,49
1617329012,49
1617329042,49
1617329072,49
1617329102,51.5
1617329132,52
1617329162,52
1617329192,52
1617329222,52
1617329252,52
1617329282,52
1617329312,52
1617329342,52
1617329372,52
1617329402,52
1617329432,52
1617329462,52
1617329492,52
1617329522,52
1617329552,52
1617329582,52
1617329612,52
1617329642,52
1617329672,52
1617329702,52
1617329732,52
1617329762,52
1617329792,52
1617329822,52
1617329852,52
1617329882,46
1617329912,46
1617329942,46
1617329972,46
1617330002,46
1617330032,46
1617330062,46
1617330092,46
1617330122,46
1617330152,46
1617330182,46
1617330212,46
1617330242,46
1617330272,46
1617330302,46
1617330332,46
1617330362,46
1617330392,46
1617330422,46
1617330452,46
1617330482,46
1617330512,46
1617330542,46
1617330572,46
1617330602,46
1617330632,46
1617330662,46
1617330692,46
1617330722,46
1617330752,46
1617330782,46
1617330812,46
1617330842,46
1617330872,46
1617330902,46
1617330932,46
1617330962,46
1617330992,46
1617331022,46
1617331052,46
1617331082,46
1617331112,46
1617331142,46
1617331172,46
1617331202,46
1617331232,46
1617331262,46
1617331292,46
1617331322,46
1617331352,46
1617331382,46
1617331412,46
1617331442,N.A
1617331472,N.A
1617331502,N.A
1617331532,N.A
1617331562,N.A
1617331592,N.A
1617331622,N.A
1617331652,N.A
1617331683,N.A
1617331712,55
1617331742,55
1617331772,55
1617331802,55
1617331832,55
1617331862,55
1617331892,55
1617331922,55
1617331952,55
1617331982,55
1617332012,55
1617332042,55
1617332072,55
1617332102,55
1617332132,55
1617332162,55
1617332192,55
1617332222,55
1617332252,55
1617332282,53
1617332312,56
1617332342,56
1617332372,56
1617332402,56
1617332432,56
1617332462,56
1617332492,56
1617332522,56
1617332552,56
1617332582,56
1617332612,56
1617332642,56
1617332672,56
1617332702,56
1617332732,56
1617332762,56
1617332792,56
1617332822,56
1617332852,56
1617332882,56
1617332912,46
1617332942,46
1617332972,46
1617333002,46
1617333032,46
1617333062,46
1617333092,46
1617333122,46
1617333152,46
1617333182,46
1617333212,46
1617333242,46
1617333272,46
1617333302,46
1617333332,46
1617333362,46
1617333392,46
1617333422,46
1617333452,46
1617333482,46
1617333512,46
1617333542,46
1617333572,46
1617333602,46
1617333632,46
1617333662,46
1617333692,46
1617333722,51.5
1617333752,57
1617333782,57
1617333812,57
1617333842,57
1617333872,57
1617333902,57
1617333932,57
1617333962,57
1617333992,57
1617334022,57
1617334052,57
1617334082,57
1617334112,57
1617334142,57
1617334172,57
1617334202,57
1617334232,57
1617334262,57
1617334292,57
1617334322,57
1617334352,57
1617334382,57
1617334412,57
1617334442,57
1617334472,57
1617334502,57
1617334532,57
1617334562,57
1617334592,57
1617334622,57
1617334652,57
1617334682,57
1617334712,57
1617334742,57
1617334772,57
1617334802,57
1617334832,57
1617334862,57
1617334892,57
1617334922,57
1617334952,57
1617334982,57
1617335012,57
1617335042,57
1617335072,57
1617335102,57
1617335132,57
1617335162,57
1617335192,57
1617335222,57
1617335252,57
1617335282,57
1617335312,57
1617335342,57
1617335372,57
1617335402,57
1617335432,57
1617335462,57
1617335492,57
1617335522,57
1617335552,57
1617335582,57
1617335612,57
1617335642,57
1617335672,57
1617335702,57
1617335732,57
1617335762,57
1617335792,46
1617335822,46
1617335852,46
1617335882,46
1617335912,46
1617335942,46
1617335972,46
1617336002,47
1617336032,47
1617336062,47
1617336092,47
1617336122,47
1617336152,47
1617336182,47
1617336212,47
1617336242,47
1617336272,47
1617336302,47
1617336332,47
1617336362,47
1617336392,47
1617336422,47
1617336452,47
1617336482,47
1617336512,47
1617336542,47
1617336572,47
1617336602,47
1617336632,47
1617336662,47
1617336692,47
1617336722,47
1617336752,47
1617336782,47
1617336812,47
1617336842,47
1617336872,47
1617336902,47
1617336932,47
1617336962,47
1617336992,47
1617337022,47
1617337052,47
1617337082,47
1617337112,47
1617337142,47
1617337172,47
1617337202,47
1617337232,47
1617337262,47
1617337292,47
1617337322,47
1617337352,47
1617337382,47
1617337412,47
1617337442,47
1617337472,47
1617337502,47
1617337532,47
1617337562,47
1617337592,47
1617337622,47
1617337652,47
1617337682,47
1617337712,47
1617337742,47
1617337772,47
1617337802,47
1617337832,47
1617337862,47
1617337892,47
1617337922,47
1617337952,47
1617337982,47
1617338012,47
1617338042,47
1617338072,47
1617338102,47
1617338132,47
1617338162,47
1617338192,47
1617338222,47
1617338252,47
1617338282,56
1617338312,55
1617338342,55
1617338372,55
1617338402,55
1617338432,55
1617338462,55
1617338492,55
1617338522,55
1617338552,55
1617338582,55
1617338612,55
1617338642,55
1617338672,55
1617338702,55
1617338732,55
1617338762,55
1617338792,55
1617338822,55
1617338852,55
1617338882,55
1617338912,55
1617338942,55
1617338972,55
1617339002,55
1617339032,55
1617339062,55
1617339092,55
1617339122,55
1617339152,55
1617339182,55
1617339212,55
1617339242,55
1617339272,55
1617339302,55
1617339332,55
1617339362,55
1617339392,55
1617339422,55
1617339452,55
1617339482,55
1617339512,55
1617339542,55
1617339572,N.A
1617339602,N.A
1617339632,55
1617339662,N.A
1617339692,N.A
1617339722,N.A
1617339752,N.A
1617339784,N.A
1617339812,57
1617339842,57
1617339872,57
1617339902,57
1617339932,57
1617339962,57
1617339992,57
1617340022,57
1617340052,57
1617340082,57
1617340112,57
1617340142,57
1617340172,57
1617340202,57
1617340232,57
1617340262,57
1617340292,57
1617340322,57
1617340352,57
1617340382,57
1617340412,57
1617340442,57
1617340472,57
1617340502,57
1617340532,57
1617340562,57
1617340592,57
1617340622,57
1617340652,46
1617340682,46
1617340712,46
1617340742,46
1617340772,46
1617340802,46
1617340832,46
1617340862,46
1617340892,46
1617340922,46
1617340952,46
1617340982,46
1617341012,46
1617341042,46
1617341072,46
1617341102,46
1617341132,46
1617341162,57
1617341192,57
1617341222,57
1617341252,57
1617341282,57
1617341312,57
1617341342,57
1617341372,57
1617341402,57
1617341432,57
1617341462,57
1617341492,57
1617341522,57
1617341552,57
1617341582,57
1617341612,57
1617341642,57
1617341672,57
1617341702,57
1617341732,57
1617341762,57
1617341792,57
1617341822,57
1617341852,57
1617341882,57
1617341912,57
1617341942,57
1617341972,57
1617342002,57
1617342032,57
1617342062,57
1617342092,57
1617342122,57
1617342152,57
1617342182,57
1617342212,57
1617342242,57
1617342272,57
1617342302,57
1617342332,57
1617342362,57
1617342392,57
1617342422,57
1617342452,57
1617342482,57
1617342512,57
1617342542,57
1617342572,57
1617342602,57
1617342632,57
1617342662,57
1617342692,57
1617342722,57
1617342752,60
1617342782,60
1617342812,60
1617342842,60
1617342872,60
1617342902,60
1617342932,60
1617342962,60
1617342992,60
1617343022,60
1617343052,60
1617343082,60
1617343112,60
1617343142,60
1617343172,52
1617343202,52
1617343232,52
1617343262,52
1617343292,52
1617343322,52
1617343352,52
1617343382,52
1617343412,52
1617343442,52
1617343472,52
1617343502,52
1617343532,52
1617343562,52
1617343592,52
1617343622,52
1617343652,52
1617343682,52
1617343712,52
1617343742,52
1617343772,52
1617343802,52
1617343832,52
1617343862,52
1617343892,52
1617343922,52
1617343952,52
1617343982,52
1617344012,52
1617344042,52
1617344072,52
1617344102,52
1617344132,52
1617344162,52
1617344192,52
1617344222,52
1617344252,52
1617344282,51
1617344312,50
1617344342,50
1617344372,50
1617344402,50
1617344432,50
1617344462,50
1617344492,50
1617344522,55.5
1617344552,61
1617344582,60
1617344612,61
1617344642,61
1617344672,61
1617344702,61
1617344732,61
1617344762,61
1617344792,61
1617344822,61
1617344852,61
1617344882,61
1617344912,61
1617344942,61
1617344972,61
1617345002,61
1617345032,62.5
1617345062,61
1617345092,61
1617345122,61
1617345152,61
1617345182,61
1617345212,61
1617345242,61
1617345272,61
1617345302,61
1617345332,61
1617345362,61
1617345392,61
1617345422,61
1617345452,61
1617345482,61
1617345512,61
1617345542,61
1617345572,61
1617345602,N.A
1617345632,N.A
1617345662,N.A
1617345692,N.A
1617345722,N.A
1617345752,N.A
1617345783,N.A
1617345812,58
1617345842,64
1617345872,64
1617345902,64
1617345932,64
1617345962,64
1617345992,64
1617346022,64
1617346052,64
1617346082,64
1617346112,64
1617346142,64
1617346172,64
1617346202,64
1617346232,64
1617346262,64
1617346292,64
1617346322,64
1617346352,64
1617346382,64
1617346412,64
1617346442,53
1617346472,53
1617346502,53
1617346532,53
1617346562,53
1617346592,53
1617346622,53
1617346652,53
1617346682,53
1617346712,53
1617346742,53
1617346772,53
1617346802,53
1617346832,53
1617346862,53
1617346892,53
1617346922,53
1617346952,53
1617346982,53
1617347012,52
1617347042,52
1617347072,52
1617347102,52
1617347132,52
1617347162,52
1617347192,52
1617347222,52
1617347252,52
1617347282,64
1617347312,64
1617347342,64
1617347372,64
1617347402,64
1617347432,64
1617347462,64
1617347492,64
1617347522,64
1617347552,64
1617347582,64
1617347612,64
1617347642,64
1617347672,64
1617347702,64
1617347732,64
1617347762,64
1617347792,64
1617347822,64
1617347852,64
1617347882,64
1617347912,64
1617347942,64
1617347972,64
1617348002,64
1617348032,64
1617348062,64
1617348092,64
1617348122,64
1617348152,64
1617348182,64
1617348212,64
1617348242,64
1617348272,64
1617348302,64
1617348332,64
1617348362,64
1617348392,64
1617348422,64
1617348452,64
1617348482,64
1617348512,64
1617348542,64
1617348572,64
1617348602,64
1617348632,64
1617348662,N.A
1617348692,64
1617348722,N.A
1617348752,N.A
1617348783,N.A
1617348812,64
1617348842,64
1617348872,64
1617348902,64
1617348932,64
1617348962,64
1617348992,64
1617349022,64
1617349052,64
1617349082,64
1617349112,64
1617349142,64
1617349172,64
1617349202,64
1617349232,64
1617349262,64
1617349292,64
1617349322,64
1617349352,64
1617349382,64
1617349412,64
1617349442,53
1617349472,53
1617349502,N.A
1617349532,54
1617349562,N.A
1617349592,N.A
1617349622,N.A
1617349652,N.A
1617349683,N.A
1617349712,65
1617349742,67
1617349772,67
1617349802,67
1617349832,67
1617349862,67
1617349892,67
1617349922,67
1617349952,67
1617349982,67
1617350012,67
1617350042,N.A
1617350072,N.A
1617350102,N.A
1617350132,N.A
1617350162,N.A
1617350192,N.A
1617350222,N.A
1617350252,N.A
1617350283,N.A
1617350312,65
1617350342,65
1617350372,65
1617350402,65
1617350432,65
1617350464,65
1617350492,65
1617350522,65
1617350552,65
1617350582,65
1617350612,65
1617350642,65
1617350672,65
1617350702,65
1617350732,65
1617350762,65
1617350792,65
1617350822,65
1617350852,65
1617350882,65
1617350912,65
1617350942,67.5
1617350972,67
1617351002,67
1617351032,67
1617351062,67
1617351092,67
1617351122,67
1617351152,61.5
1617351182,56
1617351212,56
1617351242,56
1617351272,67
1617351302,67
1617351332,67
1617351362,67
1617351392,52
1617351422,52
1617351452,52
1617351482,64
1617351512,53
1617351542,53
1617351572,53
1617351602,53
1617351632,53
1617351662,53
1617351692,53
1617351722,53
1617351752,53
1617351782,53
1617351812,53
1617351842,53
1617351872,53
1617351902,53
1617351932,64
1617351962,64
1617351992,64
1617352022,64
1617352052,64
1617352082,64
1617352112,64
1617352142,64
1617352172,64
1617352202,64
1617352232,64
1617352262,64
1617352292,64
1617352322,64
1617352352,64
1617352382,64
1617352412,64
1617352442,64
1617352472,64
1617352502,64
1617352532,64
1617352562,64
1617352592,68
1617352622,67
1617352652,67
1617352682,67
1617352712,67
1617352742,67
1617352772,67
1617352802,67
1617352832,67
1617352862,67
1617352892,67
1617352922,67
1617352952,67
1617352982,67
1617353012,67
1617353042,67
1617353072,67
1617353102,67
1617353132,67
1617353162,67
1617353192,67
1617353222,67
1617353252,67
1617353282,56
1617353312,67
1617353342,67
1617353372,67
1617353402,67
1617353432,67
1617353462,67
1617353492,67
1617353522,67
1617353552,67
1617353582,67
1617353612,N.A
1617353642,N.A
1617353672,N.A
1617353702,67
1617353732,N.A
1617353762,N.A
1617353792,N.A
1617353822,N.A
1617353852,N.A
1617353883,N.A
1617353912,61
1617353942,64
1617353972,64
1617354002,64
1617354032,64
1617354062,64
1617354092,64
1617354122,64
1617354152,64
1617354182,64
1617354212,64
1617354242,64
1617354272,64
1617354302,64
1617354332,64
1617354362,64
1617354392,64
1617354422,64
1617354452,64
1617354482,64
1617354512,64
1617354542,64
1617354572,64
1617354602,64
1617354632,64
1617354662,64
1617354692,64
1617354722,64
1617354752,54
1617354782,54
1617354812,54
1617354842,54
1617354872,54
1617354902,54
1617354932,54
1617354962,54
1617354992,54
1617355022,54
1617355052,54
1617355082,54
1617355112,54
1617355142,54
1617355172,54
1617355202,54
1617355232,54
1617355262,54
1617355292,54
1617355322,54
1617355352,54
1617355382,54
1617355412,54
1617355442,54
1617355472,54
1617355502,54
1617355532,54
1617355562,54
1617355592,54
1617355622,54
1617355652,54
1617355682,N.A
1617355712,N.A
1617355742,54
1617355772,N.A
1617355802,N.A
1617355832,N.A
1617355862,N.A
1617355892,N.A
1617355922,N.A
1617355952,N.A
1617355983,N.A
1617356012,46
1617356042,47
1617356072,47
1617356102,47
1617356132,47
1617356162,47
1617356192,47
1617356222,47
1617356252,47
1617356282,47
1617356312,47
1617356342,47
1617356372,47
1617356402,47
1617356432,47
1617356462,47
1617356492,47
1617356522,47
1617356552,47
1617356582,47
1617356612,47
1617356642,47
1617356672,47
1617356702,47
1617356732,47
1617356762,47
1617356792,47
1617356822,35
1617356852,35
1617356882,35
1617356912,35
1617356942,35
1617356972,35
1617357002,35
1617357032,35
1617357062,35
1617357092,35
1617357122,35
1617357152,35
1617357182,35
1617357212,35
1617357242,35
1617357272,35
1617357302,35
1617357332,35
1617357362,35
1617357392,32
1617357422,32
1617357452,32
1617357482,32
1617357512,32
1617357542,32
1617357572,32
1617357602,32
1617357632,32
1617357662,32
1617357692,32
1617357722,32
1617357752,32
1617357782,32
1617357812,28.5
1617357842,27
1617357872,27
1617357902,27
1617357932,27
1617357962,27
1617357992,27
1617358022,27
1617358052,27
1617358082,27
1617358112,27
1617358142,27
1617358172,27
1617358202,27
1617358232,27
1617358262,27
1617358292,27
1617358322,27
1617358352,27
1617358382,27
1617358412,27
1617358442,27
1617358472,27
1617358502,27
1617358532,27
1617358562,27
1617358592,27
1617358622,27
1617358652,27
1617358682,27
1617358712,27
1617358742,27
1617358772,27
1617358802,27
1617358832,27
1617358862,16
1617358892,16
1617358922,16
1617358952,16
1617358982,16
1617359012,16
1617359042,16
1617359072,16
1617359102,16
1617359132,16
1617359162,16
1617359192,16
1617359222,16
1617359252,16
1617359282,16
1617359312,16
1617359342,16
1617359372,16
1617359402,N.A
1617359432,16
1617359462,N.A
1617359492,N.A
1617359522,N.A
1617359552,N.A
1617359583,N.A
1617359612,0
1617359642,0
1617359672,0
1617359702,0
1617359732,0
1617359762,0
1617359792,0
1617359822,0
1617359852,0
1617359882,0
1617359912,0
1617359942,0
1617359972,0
1617360002,0
1617360032,0
1617360062,0
1617360092,0
1617360122,0
1617360152,0
1617360182,0
1617360212,0
1617360242,0
1617360272,0
1617360302,0
1617360332,0
1617360362,0
1617360392,0
1617360422,0
1617360452,0
1617360482,0
1617360512,0
1617360542,0
1617360572,0
1617360602,0
1617360632,0
1617360662,0
1617360692,0
1617360722,0
1617360752,0
1617360782,0
1617360812,0
1617360842,0
1617360872,0
1617360902,0
1617360932,0
1617360962,0
1617360992,0
1617361022,0
1617361052,0
1617361082,0
1617361112,0
1617361142,0
1617361172,0
1617361202,0
1617361232,0
1617361262,0
1617361292,0
1617361322,0
1617361352,0
1617361382,0
1617361412,0
1617361442,0
1617361472,0
1617361502,0
1617361532,0
1617361562,0
1617361592,0
1617361622,0
1617361652,0
1617361682,0
1617361712,0
1617361742,0
1617361772,0
1617361802,0
1617361832,0
1617361862,0
1617361892,0
1617361922,0
1617361952,0
1617361982,0
1617362012,0
1617362042,0
1617362072,0
1617362102,0
1617362132,0
1617362162,0
1617362192,0
1617362222,0
1617362252,0
1617362282,0
1617362312,0
1617362342,0
1617362372,0
1617362402,0
1617362432,0
1617362462,0
1617362492,0
1617362522,0
1617362552,0
1617362582,0
1617362612,0
1617362642,0
1617362672,0
1617362702,0
1617362732,0
1617362762,0
1617362792,0
1617362822,0
1617362852,0
1617362882,0
1617362912,0
1617362942,0
1617362972,0
1617363002,0
1617363032,0
1617363062,0
1617363092,0
1617363122,0
1617363152,0
1617363182,0
1617363212,0
1617363242,0
1617363272,0
1617363302,0
1617363332,0
1617363362,0
1617363392,0
1617363422,0
1617363452,0
1617363482,0
1617363512,0
1617363542,0
1617363572,0
1617363602,0
1617363632,0
1617363662,0
1617363692,0
1617363722,0
1617363752,0
1617363782,0
1617363812,0
1617363842,0
1617363872,0
1617363902,0
1617363932,0
1617363962,0
1617363992,0
1617364022,0
1617364052,0
1617364082,0
1617364112,0
1617364142,0
1617364172,0
1617364202,0
1617364232,0
1617364262,0
1617364292,0
1617364322,0
1617364352,0
1617364382,0
1617364412,0
1617364442,0
1617364472,0
1617364502,0
1617364532,0
1617364562,0
1617364592,0
1617364622,0
1617364652,0
1617364682,0
1617364712,0
1617364742,0
1617364772,0
1617364802,0
1617364832,0
1617364862,0
1617364892,0
1617364922,0
1617364952,0
1617364982,0
1617365012,0
1617365042,0
1617365072,0
1617365102,0
1617365132,0
1617365162,0
1617365192,0
1617365222,0
1617365252,0
1617365282,0
1617365312,0
1617365342,0
1617365372,0
1617365402,0
1617365432,0
1617365462,0
1617365492,0
1617365522,0
1617365552,0
1617365582,0
1617365612,0
1617365642,0
1617365672,0
1617365702,0
1617365732,0
1617365762,0
1617365792,0
1617365822,0
1617365852,0
1617365882,0
1617365912,0
1617365942,0
1617365972,0
1617366002,0
1617366032,0
1617366062,0
1617366092,0
1617366122,0
1617366152,0
1617366182,0
1617366212,0
1617366242,0
1617366272,0
1617366302,0
1617366332,0
1617366362,0
1617366392,0
1617366422,0
1617366452,0
1617366482,0
1617366512,0
1617366542,0
1617366572,0
1617366602,0
1617366632,0
1617366662,0
1617366692,0
1617366722,0
1617366752,0
1617366782,0
1617366812,0
1617366842,0
1617366872,0
1617366902,0
1617366932,0
1617366962,0
1617366992,0
1617367022,0
1617367052,0
1617367082,0
1617367112,0
1617367142,0
1617367172,0
1617367202,0
1617367232,0
1617367262,0
1617367292,0
1617367322,0
1617367352,0
1617367382,0
1617367412,0
1617367442,0
1617367472,0
1617367502,0
1617367532,0
1617367562,0
1617367592,0
1617367622,0
1617367652,0
1617367682,0
1617367712,0
1617367742,0
1617367772,0
1617367802,0
1617367832,0
1617367862,0
1617367892,0
1617367922,0
1617367952,N.A
1617367982,N.A
1617368012,N.A
1617368042,0
1617368072,N.A
1617368102,N.A
1617368132,N.A
1617368162,N.A
1617368192,N.A
1617368222,N.A
1617368252,N.A
1617368283,N.A
1617368312,0
1617368342,0
1617368372,0
1617368402,0
1617368432,0
1617368462,0
1617368492,0
1617368522,0
1617368552,0
1617368582,0
1617368612,0
1617368642,0
1617368672,0
1617368702,0
1617368732,0
1617368762,0
1617368792,0
1617368822,0
1617368852,0
1617368882,0
1617368912,0
1617368942,0
1617368972,0
1617369002,0
1617369032,0
1617369062,0
1617369092,0
1617369122,0
1617369152,0
1617369182,0
1617369212,0
1617369242,0
1617369272,0
1617369302,0
1617369332,0
1617369362,0
1617369392,0
1617369422,0
1617369452,0
1617369482,0
1617369512,0
1617369542,0
1617369572,0
1617369602,0
1617369632,0
1617369662,0
1617369692,0
1617369722,0
1617369752,0
1617369782,0
1617369812,N.A
1617369842,N.A
1617369872,N.A
1617369902,0
1617369932,N.A
1617369962,N.A
1617369992,N.A
1617370022,N.A
1617370052,N.A
1617370083,N.A
1617370112,0
1617370142,0
1617370172,0
1617370202,0
1617370232,0
1617370262,0
1617370292,0
1617370322,0
1617370352,0
1617370382,0
1617370412,0
1617370442,0
1617370472,0
1617370502,0
1617370532,0
1617370562,0
1617370592,0
1617370622,0
1617370652,0
1617370682,0
1617370712,0
1617370742,0
1617370772,0
1617370802,0
1617370832,0
1617370862,0
1617370892,0
1617370922,0
1617370952,0
1617370982,0
1617371012,0
1617371042,0
